hour,load_kW,solar_kW,price_per_MWh,battery_soc
0,97.64052345967664,0.0,34.36498240107162,0.49720085125195146
1,84.55020337534407,1.8287709722394805,51.05986326688374,0.49746565487460814
2,90.84374978368253,3.5212331420837915,36.417896053100456,0.5020239245362884
3,103.19356512236077,2.615443767820655,47.304403026131226,0.4916813782093899
4,100.38983098160278,5.714170267010352,35.12552792806966,0.4986499422431294
5,70.34736332557638,0.4004737478016118,52.040999902654086,0.5026048178749744
6,90.6545436303976,3.845531517139009,32.35340944093286,0.49456989817544345
7,78.48642791702302,0.0,48.920476153724096,0.49779388108652456
8,79.75126318396454,2.611505673000382,37.89233269408077,0.5029470323631107
9,84.10598501938372,0.0,48.26373449361071,0.5025227888230075
10,81.44043571160879,0.0,34.97509907858939,0.5010622984069184
11,95.78526717871844,4.141773696962273,49.42178164360303,0.5077314122470356
12,88.48215224049419,2.9059166300808306,38.2305127452089,0.5162934847223659
13,81.21675016492829,0.0,48.60549210198138,0.5045898329246624
14,86.73563947451684,7.656690490208634,35.327455366553366,0.4940510197895112
15,84.46969000264522,3.776489096341861,48.91231818358059,0.5023087574392221
16,94.94079073157606,0.0,39.30232343011065,0.5127888049049664
17,77.94841736234198,0.0,52.84402423046904,0.5112925693996069
18,83.38070776248485,0.833435819919451,37.49950915284078,0.5123141804667312
19,71.45904260698275,0.0,50.143124695770645,0.502786437578598
20,54.470101841659215,0.0,37.09948116986683,0.49777252187226695
21,86.5361859544036,0.0,51.79994313923456,0.5028777818209946
22,88.78218024894984,0.4593942011826592,34.58967750341888,0.5025059449528856
23,73.76177105773682,3.944737539337496,51.32758866418152,0.5100261222563848
24,102.69754623987608,0.0,34.11260730439895,0.504688617508383
25,65.45634325401235,0.0,48.60721784332824,0.5029620817151446
26,80.45758517301446,0.0,37.35408609972292,0.5104765583865841
27,78.12816149974167,0.0,47.42082404666941,0.5188790858413441
28,95.58095835012479,0.8438873551340407,35.78332522573947,0.5170667614703529
29,96.28848790441413,5.316334018037572,48.27121275321883,0.5160812918763964
30,82.10403500769884,1.848535835765588,35.60999925022657,0.5097676942579238
31,83.84562777112448,0.2133419170091718,45.36596143881727,0.5079800209599752
32,71.12214252369887,0.0,33.336128649257695,0.5079176749077507
33,60.23414393232358,0.1403620485428658,48.51402924511149,0.5032721132247835
34,76.52087850673847,0.0,37.38462195366034,0.4942293194232967
35,81.5634896910398,0.0,49.30339157282304,0.4909323251020608
36,92.30290680727721,0.0,35.997697179867686,0.49344959564177765
37,92.45341601654643,1.432058429007688,50.59617916366179,0.48487090889091
38,76.98038605617126,2.845514100835961,34.67412379150889,0.4931193010863616
39,77.64776897440727,2.235988267202088,49.989286082719296,0.4941747017984967
40,69.51447034932907,0.0,34.78537852892404,0.4897839023740938
41,65.79982062821026,0.0,46.97234085582745,0.4894031272890508
42,62.937298093749874,0.0,35.407078615389814,0.48264565645928814
43,99.5077539523179,0.0,50.42455389061595,0.4777969944895474
44,74.90347818248347,0.0,36.50131188252217,0.47040065751275667
45,75.61925698388814,0.0,49.54609935529013,0.4694466849440964
46,67.47204639950074,0.0,39.581976204929056,0.4661056105319149
47,88.17380929054566,1.3296857740885453,50.18321333747153,0.4624433672647415
48,63.86102152442049,0.0,37.46153231492848,0.47183262491288447
49,77.87259719786032,0.0,52.92106010475529,0.4669520189854024
50,71.04533438806324,0.0,34.05230032128059,0.4597617745347394
51,84.62404407973565,2.516730337143426,48.00566278170093,0.45145130297930003
52,75.70568658096569,2.7124598555147323,38.60899664370686,0.43962879528118054
53,70.34352731042136,7.166163838818255,48.36675099414677,0.4352815970402266
54,80.22858827441515,1.7013685260056384,36.03795315147746,0.43860703549600183
55,84.28331870530418,0.0,51.16781905114488,0.44216726909516935
56,80.66517222383168,0.0,37.32948789296222,0.4539508305868826
57,83.3749559632897,1.167456619639632,52.19617436998003,0.4639508267127466
58,74.38185205100021,2.4169099593661088,38.23689451157267,0.455371877441642
59,77.63956022274496,4.223239608721138,51.16793410156696,0.4637901319438167
60,73.27539552224049,0.0,34.83436523465168,0.45396249327588445
61,76.49535002606937,0.3029388049159369,50.756139098698185,0.45232128954447937
62,71.86853717955546,0.0,36.46483629778277,0.4523754241721172
63,63.07906120323728,1.13962408851349,47.57444690709768,0.4630686565755315
64,81.77426142253753,0.0,38.11937687573774,0.4647208800198328
65,77.29193756013208,4.365823074049007,50.77469989887621,0.4720233438343634
66,63.69801653033956,0.0,36.06166342696911,0.48334463563839575
67,85.17604285073591,1.827400984927256,49.21420700553174,0.49112035861633246
68,71.06303255152115,0.4533873178452565,34.195976588971284,0.4844298672223927
69,80.56363010544041,0.1472538249300588,49.86313120734631,0.4775494126183737
70,87.29090562177537,0.0,36.69608698519093,0.4734083763950392
71,81.2898291075741,0.0,48.31711262064344,0.4819820972228386
72,91.39400684543301,0.0,37.73673437967176,0.4860291940390921
73,67.65174179646347,0.0,47.91804052728381,0.4841362112544734
74,84.46326529282504,1.4661629368318467,32.808777780958806,0.4798397949090985
75,75.59758495017834,8.152286198604893,51.12343573334741,0.4760999090251469
76,73.00041387594342,5.694617892540812,35.388379248869306,0.4789874421123344
77,74.67647593152277,1.5499085972230835,49.37480071903884,0.4671529737372866
78,77.23132816700354,1.1561782942575194,34.73715322178489,0.45917926312492807
79,80.56165342229745,0.0,47.154900955932256,0.466461061050704
80,68.34850159216643,0.0,37.87628436810879,0.4584789586111734
81,89.40694213893265,1.3289242313025826,48.53054162123798,0.4665653441465284
82,84.6566243973046,0.0,38.48485703824438,0.4623108249880852
83,66.21814835613007,5.268617396341031,50.77480737632445,0.4734563841603243
84,96.81426803467598,6.439153655733268,35.521291085946274,0.46565509746440314
85,100.88527045975542,6.42126233149862,47.93499149531806,0.4546659698014579
86,91.7877957115965,0.0,34.89473532594178,0.46222906637987593
87,78.2007516418765,0.0,47.74506040036561,0.4563811892948777
88,69.29247378489458,0.0,39.12409834540475,0.4472666603959784
89,91.12807553698066,1.9451942255643144,49.8105069423531,0.4566467045055051
90,75.9682305302682,0.0,37.71873661984242,0.4605841758883586
91,92.22445070382427,0.0,47.66281702349302,0.44955377359342175
92,82.08274978076861,0.0,36.26498100041797,0.4412543211989161
93,89.76639036483712,0.0,51.33063800522123,0.44704416879203157
94,85.052017274549,4.961177676016583,35.49091216312294,0.4563115462115087
95,87.06573168191949,0.0,51.11051678539098,0.45592748260042426
96,80.578303746249,1.5776784634693128,34.366576438013816,0.4671062015652476
97,97.85870493905836,0.0,47.51863778008048,0.46516068786588394
98,83.3789123775119,7.032638168252328,36.56252922413967,0.47564646872731
99,84.76508060863289,2.4839565806195454,48.99508044514953,0.4713009220358333
100,98.83150697056254,0.0,36.95651033993021,0.4718168531898663
101,66.52240938857554,0.0,46.59701319972769,0.4606527366771913
102,67.29515001514267,0.0,37.06182525922824,0.46577559821548
103,90.72955927747266,3.45197398630847,53.46130098791233,0.46928462262406095
104,69.79378661106028,5.0834022073396135,35.95648933387525,0.46485535100261366
105,99.57446761537648,0.4608525296118467,49.61505829037312,0.45381109062312264
106,75.86381019240252,0.0,36.262752532980485,0.4641086621898502
107,73.46482239511383,3.13123503173802,46.77088153082068,0.46295807575637754
108,99.25404539813641,0.0820837777752262,36.63264826555793,0.46477138192254835
109,95.22630823915877,1.4038677493817504,47.15573048098442,0.46202223640695
110,98.87476324633828,0.6639121402419209,35.35190890883676,0.4592640114173403
111,89.06044658275385,0.0,51.42814942141397,0.45195948347917647
112,72.61467989748168,4.089789160095688,34.89060287187235,0.45184439492200484
113,99.10064953099034,0.0,50.31571858135946,0.46137231111294225
114,79.06398561430309,5.813397746056328,37.51253688695702,0.473060002944748
115,89.0867294099658,3.540551506672834,49.98195638115236,0.479422179993433
116,89.64685044348137,0.581102552479652,33.93700560088055,0.4909414374309087
117,78.44989906909166,0.0,49.06513218398124,0.493960139265276
118,87.64903809074218,5.027481290937936,38.9325453196049,0.4864847077006311
119,89.50590704357498,0.9461344263657006,46.52627645251216,0.49533836229533
120,84.56846736235048,2.680706835980585,35.5797492852232,0.5038122490259443
121,70.33523394044326,4.430806154283998,48.7356829897762,0.5027635880142998
122,82.98238174206055,0.0,36.17454935066817,0.5049246857198294
123,93.59112636646708,1.090891331989237,50.68616852278921,0.5059580364259559
124,73.05432140268634,0.0,38.40646475805555,0.5084918791305588
125,78.7911944744269,0.9584662590120276,49.158496508994624,0.514041011078233
126,76.0598785800126,1.3713803240965907,37.2119403009877,0.5192388920210405
127,98.49263728479342,0.0,50.31345531430612,0.5268401020647852
128,86.72294757012435,0.0,36.70494925283017,0.5188123838706457
129,84.15530255521388,0.2689473093426088,48.71795919971865,0.5199501089014371
130,72.30083925554683,0.0,34.49744610285862,0.5105580057325717
131,85.39249191291817,0.0,47.91378042807732,0.5151260359087223
132,73.36884477247517,0.3739045968297534,34.85877249192378,0.5232293798859301
133,80.93592394469344,2.0587278731664616,50.0463749608077,0.5273891364456612
134,73.64153921621119,0.0,37.13485239571496,0.5300919563488202
135,86.764332949465,0.0,50.049048368793706,0.5253322468960792
136,85.76590816614942,0.0,35.169995661728855,0.5347309322921682
137,77.91701244422005,0.0,52.27280026190707,0.5326968566215853
138,83.96006712661645,0.0,38.27172674146978,0.5435842665482268
139,69.60516910998244,1.7859473242916832,49.032844927883104,0.5548547153267878
140,65.31512330960871,0.7589974555492176,34.758281197043964,0.548778239552771
141,84.39391701264537,0.0,49.759167528245314,0.5542108098385721
142,81.87195753128981,0.6840752585483832,37.894376273604,0.5448856963269415
143,88.44773152599528,6.991390523580733,50.062992562889534,0.5546043550682703
144,104.50857785302065,2.25710034793744,36.82825136338753,0.5457604036589027
145,89.67398373864967,0.7639628958184049,49.24572491359492,0.5368316080584887
146,71.51719109782346,2.151377840883456,36.677834648825815,0.5448611111247328
147,92.30798580392971,3.7927430765706,51.88066177419257,0.5374676142360894
148,66.84092589488479,0.0,35.6339251338059,0.5366911488351822
149,75.38415395185291,0.0,49.77880669577017,0.5295683008935381
150,79.31758394675369,0.0,36.3741530208469,0.5327924223265521
151,97.13342721649366,0.0,49.989433130664914,0.5376681734519457
152,74.45530218219486,6.342834675597497,33.87559499191563,0.5357036004647391
153,72.19486931643526,1.5308490100846943,46.74854211319752,0.5413242202126921
154,80.01969452904271,3.347399244323446,34.46394569963971,0.531887741722639
155,73.63425617815102,0.8967968059069829,49.81575854011086,0.5404722336378441
156,93.74393707538168,8.258592847722046,36.82421255502728,0.5460008148783497
157,69.20068491636576,0.0,48.76783325734792,0.5377379419655269
158,68.52531347588898,0.0,38.05931453032343,0.5307329933837489
159,75.62179955255566,0.0,49.34908113551908,0.5273869521721709
160,75.01967549307695,0.0,36.023902303374406,0.5310475169194077
161,100.11837219421379,2.743505520146446,49.27289929117936,0.5359096335417913
162,89.5753920539372,0.2706132822652775,36.19446849514247,0.5463575222643349
163,81.46099279529693,1.9516012714833924,50.620556208073765,0.5424612422138149
164,68.68372204312884,3.1269241047683507,36.99190846289096,0.5401943779475397
165,88.64649698547709,0.676224071538728,48.21621068609397,0.5450516972957165
166,70.6535216631565,2.185583790173825,38.27892397074026,0.5417851380435514
167,64.55228903222388,0.0,47.92130541086799,0.5461366205223954
168,91.88029792352302,0.0,36.11226882715838,0.5475172776929014
169,83.1694261192485,0.0,49.15225023672483,0.5389898839905671
170,89.28455546760702,0.253224099329425,34.419940790044734,0.5369013694367809
171,83.1872765294302,0.0,49.45116421504761,0.5257848543543924
172,88.56830611902691,0.0,34.88220764608387,0.5330440556125668
173,74.0760119351047,1.954226227020582,49.67320596192244,0.5435920026923776
174,69.65757158215536,0.0,36.59805724785152,0.5527155292930326
175,87.32663109639931,1.7022863786101683,51.77173915046827,0.5504104907842549
176,71.96590335826158,0.0,36.45450463396359,0.5430566763551006
177,73.104502222498,0.0,48.64700708655112,0.5405625887645976
178,76.2624379797282,2.7258767163387763,35.40599858994306,0.53494723764971
179,81.06787157370663,2.9769332781868743,49.77381225618021,0.5457087980633787
180,76.65283890249775,0.6425933834419568,36.13361955021569,0.5485320760815642
181,67.5195136986487,4.23008877609629,51.753228999351,0.5484055945324443
182,73.56381597167109,0.0,38.086457700657895,0.5495894083047336
183,58.738722393055276,3.2425130509984728,49.02544120764497,0.5410715546812929
184,86.25231451027187,0.0,35.17046511374317,0.5509902154559656
185,63.979423443932525,0.0,45.728263190906574,0.541570336765153
186,69.27886267973113,1.0756535800521347,35.17004768603913,0.5381726558742616
187,80.52165079260975,0.0,48.09675853788193,0.5353828131409395
188,72.60437003608686,0.0,35.461191618880235,0.5427384713244864
189,95.43014595406736,0.0,50.15122146053353,0.5373208259432997
190,67.07143090276551,0.0,36.25921679982095,0.5378629456868899
191,84.56455805234461,6.313497862842592,49.518893086437046,0.545309251806996
192,79.60717181772505,0.0,36.29280147265524,0.5560011650344564
193,68.31906502258802,0.0,49.37466843716187,0.5527993741491666
194,85.58631144586425,1.1784828018223863,36.28895670483768,0.5506997856056617
195,78.28453668777752,0.0,44.71726258512939,0.5399654354387002
196,87.71790551213667,0.0,35.58948807139633,0.5348491549721455
197,88.50763076302341,0.9086307446203312,49.39756901542885,0.5371543491378272
198,101.9556261993122,1.0775556883510204,35.48153573171259,0.5339041066021603
199,94.1059877640247,2.469027565535945,49.23692570385395,0.5234619032598917
200,77.29539216701465,3.2907018214636183,37.04839348273256,0.5122464796858214
201,77.60620822424073,0.0,48.66668709999712,0.5013824133913376
202,91.07540708588404,0.2627037567097128,39.29448145484816,0.49568193823261586
203,86.55263730722598,0.0,50.596290492341495,0.49728693907348304
204,86.40131526097592,0.0,35.983967429651656,0.495929134479416
205,63.830439556891655,0.0,49.25385164221201,0.49473583378556685
206,79.7665251456856,0.0326212989165455,35.863644876449264,0.5007067763363471
207,73.36077115512045,2.4702674905911217,48.1908844920924,0.4940638588395842
208,83.1711463703631,1.2396679331024223,35.85062449713545,0.5043605630611745
209,79.10059031028804,0.2736473557254415,49.98187037209895,0.49296048958830446
210,89.82810040634335,2.421037751391402,36.86274072938231,0.5013111251535732
211,84.13626203676922,3.213599616187333,50.43337976572486,0.5055547191036959
212,87.86327962108976,0.0,35.58111198617356,0.4973402652264383
213,76.40331205657617,3.558343413118671,47.43972171822546,0.48881902552698425
214,70.55553744081749,0.0,34.9897743666723,0.47797731291826556
215,75.89950306797452,0.0,51.982134661226944,0.47488528268786295
216,80.48297139091629,2.177251765102319,37.33751577613739,0.4752336353401466
217,83.95135236906323,0.5327833783746712,50.11827447646462,0.4775256841429426
218,102.59308950690851,0.0,34.85148693888228,0.4751578320480591
219,79.73288627481756,0.5181926380799254,49.56931282946903,0.4655856777679447
220,71.62255902187674,3.940030089348342,34.109925277528745,0.46210403622885693
221,76.60139749384233,0.2040508361206313,48.735939783464254,0.4637420964078565
222,76.0349651417904,2.2364162941711125,35.62562329349468,0.4721636234490598
223,85.46287836417443,2.1602120881326887,49.02138519921054,0.4701544881724363
224,66.47095874356594,6.263096293373989,37.428331202606486,0.4639129011588864
225,81.87760416479267,4.149947409297852,47.43575622595518,0.4722298844243067
226,82.19910188787443,2.113455027402263,34.69527989874973,0.47102832015420176
227,82.96939721764932,2.1586228521551543,47.50181314047503,0.4808755393422579
228,74.17888004885887,0.5068024617083038,34.13739848699068,0.47899922381637566
229,77.62078270263993,0.0,49.749928941678334,0.4698432376567983
230,65.75939091017469,0.0,33.59276750643806,0.47221400129515845
231,75.08876126154568,0.0732003172254331,50.69464826526482,0.47917836687464566
232,74.57138523983282,0.0,35.62320464061085,0.484961176343853
233,84.16050046261425,0.0,49.66702759579733,0.4954821799200371
234,68.43817568178088,0.0,36.47729341301827,0.48596082793033923
235,87.81198101709994,0.0,48.91259531663098,0.4967593228741265
236,94.94484544491368,0.0,37.54214787965253,0.4899888140843731
237,59.30014974986467,0.0,49.27233100691691,0.4898857089507054
238,85.07785500255817,2.7175589825905333,36.88453368888107,0.49901239354597915
239,87.48218920269314,2.377029507968915,49.26517652287248,0.49498503188989723
240,74.54780421214748,3.0739148922325983,36.42973988715985,0.4906869176237828
241,77.14784018206814,3.7351944178537058,49.9833391022453,0.49302097233412445
242,78.67119422413045,0.0,36.36838321520576,0.4836881402574678
243,77.04807533473681,0.0866137625136365,48.10238332257698,0.49549280757807146
244,77.18107477671997,0.9040148906372822,36.647241961843626,0.4934000537289226
245,63.63797404856933,1.3267070395636769,49.08540961335897,0.48473527709909653
246,91.98476608207245,1.5381681141375263,36.939160351757344,0.4936726085489792
247,92.07438854644278,4.260675420248554,46.3351049303899,0.4829266941409704
248,71.86635740795798,0.0,33.79575397294004,0.4919788421214488
249,65.54346099612331,0.6923475804948325,50.1090134402109,0.48665489836626075
250,85.21064876452759,0.0,38.78781968368031,0.48427665701764644
251,74.61743662871582,1.2510544228216307,50.81643321722522,0.4790430225385552
252,81.4195316332078,0.0,34.96975190472249,0.46790266337265124
253,77.13116390373631,1.0814935839575497,47.02576647394143,0.4787672684708118
254,88.03214247837509,3.72251655891078,37.107457637764895,0.4688575441223567
255,87.50717092738843,1.865598302761227,49.442970263943934,0.45728077010474877
256,72.74402621536416,0.0,36.87948463286404,0.46336064500403956
257,66.16636044604945,0.0,49.73679318032455,0.4688376558386469
258,64.72593979030161,1.8510792121747257,36.037892693703206,0.4650512153526586
259,86.10379379107205,0.0,54.001783265848125,0.4530629543729767
260,68.11140742215971,0.0,35.9842333644541,0.44149709431127226
261,76.20708930484821,4.25084282611699,49.32497728312846,0.43360270988471633
262,74.20391586732082,0.556854172752995,35.811255292916435,0.4360934719466654
263,79.47432703730453,0.0,48.68854002194688,0.43014138234013083
264,60.84816618743311,0.7032141529939515,37.47862764809543,0.4248888621443287
265,83.88083335910129,6.64349130387668,49.03321359633634,0.4360004088901837
266,85.23891023834206,0.0,36.94734236448935,0.4455916292531985
267,80.88422087044661,0.0,49.9907496417287,0.436628340942815
268,76.89113828301528,0.0,37.82190709922111,0.4392327398935146
269,81.55631819000429,1.941055091054816,50.1941144924909,0.43313826253270427
270,84.21668500674842,0.7540718344904033,34.17335113460099,0.42166216756476227
271,53.00473105283588,2.4355287236745835,47.57411341942745,0.41366328303956096
272,99.55912308250694,0.0,38.10598202513782,0.4040770900345549
273,84.55695003971711,2.1867227094594943,48.650778892111695,0.4113560651174389
274,73.4759141761298,0.0,34.01252443633799,0.40017897159871746
275,76.53728870877077,1.489408202155938,48.55941719720372,0.3891046986793642
276,84.93741777349189,0.0,37.89036623647448,0.3916107850661389
277,78.87351587895694,0.1151842310019905,47.43352559858559,0.4018708589779357
278,59.693155322185056,0.0,34.693685500383054,0.39005586606693965
279,100.73307036380868,0.2938058340515935,48.56363383381358,0.39555652453825707
280,78.89459342767528,0.0,34.116643495812674,0.3923903066215797
281,90.201727117158,0.0,47.787354089240864,0.39083444859168526
282,74.637586655352,5.193617110653018,33.716266343126975,0.3878387668293609
283,95.9238840423613,1.8670449996776748,48.87206397730328,0.39076235562836537
284,82.86343688892279,0.0,35.46106505841234,0.3817689553628019
285,86.08843834475451,0.0,48.54003786570341,0.3725442620723887
286,69.54746633853046,0.0,33.512881547571006,0.3686182303656283
287,92.111452896827,0.0,51.44384901729235,0.35884180543569577
288,86.89818164534789,0.0,33.999810062264224,0.3677975924548648
289,93.01846229564998,0.0,49.98089566504267,0.37959287207646086
290,75.24223967375924,5.07705090058346,34.38127841634415,0.3907493081338601
291,75.18972881539213,0.0,50.566320397120656,0.3914295081937373
292,104.13004527949538,3.6362610088531513,37.427176838773214,0.39855018634199413
293,69.39984177278453,0.0,48.24742471706688,0.4098942254326961
294,80.84353459164329,7.343438661421675,33.107854711476776,0.4149274420205905
295,92.14196474396834,2.5768370598046437,50.60752607571777,0.42508115837214705
296,81.93341671093832,3.187223445965915,38.80712912609292,0.4169884356202756
297,86.90570872664156,3.587239763695428,50.18738690684701,0.42774450401156544
298,76.08065633791327,0.2504887684734209,36.23424493824204,0.41960416604748213
299,83.83620157817326,0.4521423323268972,50.793486011423646,0.4089694693887205
300,66.93473148264684,0.0,37.141010575018,0.42052278870757626
301,96.90669787045185,1.084636914233223,48.32036184636684,0.43225021051555784
302,78.88655435440621,0.2273160189730723,35.004701339977494,0.4228299090482504
303,73.52411017859316,1.086307395205537,50.48053042209223,0.420701780533075
304,86.66383082031915,0.0,35.77740828480203,0.42396600742191054
305,75.39280212611446,0.0,51.53875349080369,0.4323951122226659
306,67.15634477668942,1.6630983023898682,34.93691508532933,0.4293172557296986
307,66.55171859729074,0.0629788508876605,50.68975997231108,0.43930099192636685
308,87.37391259096718,1.453936880219517,36.50738527807631,0.43076357640387725
309,79.00813946326694,2.012912815765329,49.37418875144391,0.4195534805296205
310,79.4621766652306,2.6639742063832976,37.75729446377438,0.41728805417716847
311,91.22199216918172,1.4818470313969598,50.58395239630951,0.41796191417060663
312,68.73174191243257,0.0,34.485977575949306,0.428051441103038
313,72.69322247135175,0.0,50.524173117638135,0.4375020752461733
314,77.19327341536464,3.473571690591312,38.055914253263765,0.4358828875039873
315,80.94351589317074,0.0,49.368178063531424,0.44461882122557006
316,79.57839045774935,0.0003499021838057,35.620444530445006,0.43656608711342654
317,78.58707487704471,4.853156003145973,48.55937437554307,0.429664547276377
318,79.38373597904352,0.0,35.97302247750944,0.4299476899716953
319,78.92694723708826,0.0,50.59314612608773,0.419115086985845
320,72.91059991617465,0.3554793389752445,34.766925856654346,0.425272262962771
321,71.87007011445922,0.0,47.5443087559025,0.42611778483344226
322,82.7451635772394,0.0,35.42980343954957,0.41756899632852756
323,72.2170775355187,3.7540945515799136,47.49425762902024,0.4178304020589809
324,68.83333408800955,1.3562889330602883,36.778255967946414,0.4177679360577261
325,77.62004753071692,2.4765668065794832,48.92381044201766,0.421108552846334
326,78.6535573518487,0.76742504495621,33.36032553919625,0.4104637849201568
327,102.56723497298209,0.0,49.0409338249006,0.4073258618210465
328,72.95299724143766,0.0,35.70450582733133,0.4146986878796893
329,89.43260724969495,0.0,50.237548517047934,0.40330772630551237
330,88.04943278267965,1.9251648021111276,35.77538299129115,0.40663563278188697
331,70.5497840743482,8.130778754618541,52.36693478226808,0.4028251508919162
332,87.73252977402599,0.0,35.215372528713964,0.4070339949457245
333,69.12521843342125,3.213416117848092,49.4702472741349,0.4020534161685185
334,54.38880577623671,3.2684271873470627,35.83906238462846,0.411749171409564
335,86.23125193482696,0.560188970777158,49.13990252039783,0.4069772817012432
336,62.44109416562281,0.0,36.20706668354188,0.41528153267057094
337,84.50934461805915,0.0,50.37569204280487,0.4074390063303132
338,73.15989102262783,0.0,38.00357636132712,0.4189722100501802
339,96.59550796189872,0.0,47.20996090591667,0.4156712683932872
340,90.88085980257074,0.6525526980354603,35.22791399531329,0.41576457430020897
341,76.20598564508752,2.4661456120046363,48.89218795898,0.42386654648316235
342,73.12162388971318,0.0,37.40020375206503,0.4136899997039221
343,67.8592259690588,0.0,49.028850505398346,0.405300145217084
344,75.59077367707408,0.0,33.150664916403485,0.4014150374635034
345,77.19644504815491,0.0,49.69544079280823,0.3987530999793946
346,76.62431553036994,0.9041699142893193,35.94289445871106,0.40622853884170923
347,82.81891170142136,4.172910495659023,49.833472445665336,0.3996225669893889
348,87.62705353539297,6.139461860347271,34.433183984553246,0.40707315495234164
349,83.49654456993174,0.0,52.14239711863512,0.4127177574302264
350,72.35856076093557,0.0,35.507638630344445,0.42030489877396804
351,66.72766652540638,3.6852708780738688,49.28139980926786,0.42837695211020566
352,95.94659121310757,7.670909106942851,34.64341545130873,0.4341915499901497
353,73.10550815450063,0.0,48.16734209119628,0.4265404839423188
354,73.4770640006498,0.0,34.159322866399286,0.425970543831232
355,74.78810687698889,0.0,48.97387881933663,0.4327657047674988
356,61.58927169606147,0.0665573254265522,34.557055547887515,0.42625353045131903
357,75.22025995959514,0.0,52.64854610884619,0.4337315153163284
358,75.20344185992053,0.0,33.16068973544224,0.43810080105092164
359,86.75468635617511,1.8370112424666227,47.87134927473567,0.4449811745126362
360,86.98457149107335,0.0,35.39130666333694,0.43550348856183546
361,81.05388423772936,3.387251156222268,50.57408201415585,0.43682298394215385
362,89.80838057638944,1.6329894508213472,35.37279298395237,0.44255127142590295
363,84.31775485539777,3.060350057950483,50.57779018651283,0.4437699170783588
364,79.89987865563789,0.1889992388781397,34.51322247208698,0.43404605390890305
365,82.24056757233559,2.104286297844559,49.65278179785042,0.4447671044252508
366,78.093465064186,0.0,38.60948993653872,0.4479708800338008
367,76.50380018458972,1.5076510830807477,48.11222850345914,0.448149525039084
368,78.23293347153614,3.034229468252696,36.62277981986556,0.4446363889252121
369,69.91510346137471,3.984055920249268,49.87423637593325,0.43862065198754857
370,82.80441705316296,0.0,32.61612582704066,0.43887876242127555
371,70.60908316688463,1.8010642539348098,48.68038927730234,0.42823652413288577
372,89.5923718204369,3.920197265668428,37.69015616398145,0.4388179461375984
373,77.50541419839051,0.0,49.76646160573541,0.4309946933739212
374,80.4949498165009,0.0,34.175024861678374,0.42656085558230245
375,85.46495087771959,1.7552770497000727,50.60001100638183,0.43439940380702585
376,86.43314465062927,0.0,35.274743888050935,0.4454334905736089
377,64.29376591366547,0.0,50.103921189129615,0.4458375296382205
378,78.32942897520226,1.328219122806635,36.55880847767891,0.45150039912350354
379,88.80178912080783,0.0,47.88580169529,0.4619899773262573
380,63.09181127375687,0.2428982269313575,37.17817035812392,0.45133504420068343
381,83.87280475395063,0.0,48.0525818951556,0.4393922821034253
382,57.444357705978106,0.0,34.03474950651,0.4465381020566665
383,70.03727117889413,0.8744653841672367,48.23960161542531,0.44622157558139913
384,80.38630551840188,0.0,35.47429325522767,0.45124675526901564
385,63.43284897678046,0.0,49.72794983167025,0.4487109364955507
386,70.44092899273159,0.986787898576944,34.83455270746381,0.4399212671175411
387,66.27689018345208,3.3174675269598035,50.68107406560104,0.42933059208019686
388,96.4813493220756,0.0,36.370624582087856,0.4390221103216944
389,81.64227755487335,0.0,48.52164777435011,0.44694538483388846
390,85.75043932143944,0.2584551430425037,37.32691768241475,0.45439105871493013
391,77.77324899484846,0.0,51.30544763347809,0.4479413464238048
392,76.465682512428,0.0,35.845401260808195,0.4592227788901676
393,64.60529126019935,2.566777155698912,49.24137052956252,0.4683988061868525
394,77.08162637252137,0.0,33.33277127613794,0.46844755864302035
395,72.93010873531277,1.816769511429993,48.95257620842116,0.4795055179747903
396,88.57923924292336,0.0,35.55616823717442,0.484938703447812
397,91.41101866657573,0.0,49.9319142078979,0.4734063404412048
398,94.96760858667572,1.006071436446476,35.740788658576754,0.48468706530361966
399,88.96332595950383,1.4593552163050518,49.9298855042191,0.48609972755215247
400,74.01346063077014,0.0,38.294563739978265,0.47581323262350794
401,68.84103014039606,0.0,48.768973949057845,0.4725441113059998
402,87.66663181645086,0.0,35.25696988217369,0.47036288252995123
403,83.56292817472288,0.0,47.60009712555449,0.4785842440725706
404,62.314615493229695,0.0,35.98043760591009,0.4672550476439035
405,84.32832073965903,2.578342707404447,51.02906457071278,0.4708092415560177
406,88.95418483445297,2.69662203191436,33.36682278223391,0.480354741112861
407,80.5892558918163,0.0,48.56505964647928,0.4841181715229182
408,78.14946328990658,0.0,36.047339059778345,0.48138034090647525
409,71.92351512383644,0.0,50.83899942229502,0.4805393799658589
410,65.53465300436612,0.0,36.567733664562766,0.4908223826985823
411,88.00297949340028,0.0,50.05204053928156,0.4805891358251752
412,78.12998454743271,4.070429983832643,35.65695912706612,0.4793822414603753
413,77.66533338456307,0.0,50.28665648253644,0.48163491463040564
414,97.32721186919133,0.0,37.51488413132266,0.47247173805910003
415,86.8450110685919,0.0,47.00035743218456,0.4749320206054643
416,83.70825001281102,0.0,37.08623140727517,0.4651724110758809
417,83.19180422684637,5.903953916580049,49.41570538820829,0.4766157196859763
418,95.19994860765773,0.0,35.19844500970069,0.47138011198277296
419,98.52594234410557,4.433497566478749,45.89923141818939,0.4712467726132635
420,89.75157259928507,1.5217382816325924,33.922901320541015,0.4829918695354729
421,87.31200736076269,4.965871489278137,52.11093358537924,0.47756522261838824
422,59.30614318675602,0.8405796627248627,34.96060550732713,0.4771465837992832
423,81.23721914233506,0.0,47.93669194012874,0.4813869438903252
424,78.69893045806296,0.0,35.30878937180708,0.49135314333615177
425,81.43308804990585,1.6451858535005015,48.44612426422047,0.4897370355008507
426,89.43046087322517,0.0,36.17996625495084,0.4849911643053836
427,54.75744148190533,7.180710512669661,51.83930561437828,0.4830551328031836
428,74.30687946529815,0.0,35.11350437974414,0.4808185038292247
429,82.69904354940762,0.0,49.795280172836165,0.4822909322489283
430,75.75698478130214,1.4181341394325226,34.27257259416211,0.47413826160376454
431,65.8508570399288,0.0663939039713218,51.84409476031816,0.4635650781032393
432,88.68963486896796,0.0,36.27699346964363,0.4515971561152976
433,84.07372482571029,4.350019224163341,47.94111641207243,0.4462007249081037
434,70.35867791307972,0.2324120584151906,37.34988763622443,0.4418463560238489
435,84.11884068756392,3.235562141352284,51.36382656988228,0.45308356779415093
436,88.21585712049796,0.0,36.23561285113392,0.44630492052020065
437,80.99175780018108,3.1294377906248902,47.1047496456972,0.4473793333779966
438,88.21655296441295,0.70301643367662,38.671181526297175,0.4562268497904383
439,80.78260175161661,0.0,50.02902887794815,0.4619595810756813
440,76.04771017345645,0.0,37.74910975206465,0.4513797122099721
441,69.42265269584637,3.389526199485007,48.737505289332645,0.4483228825724096
442,79.14327705583031,0.0086157518214736,35.39549241892161,0.4522870208134605
443,82.97408792544005,3.437195149941103,49.72952476094421,0.4404360758806526
444,89.41397473073148,2.185490382860555,37.663530823076286,0.45131482613759727
445,78.84892531512773,0.0,49.778330139259104,0.44486742989661393
446,84.57415606220991,0.0,34.108177587221945,0.4445561772558424
447,70.35387986266272,0.0,49.956828892183374,0.434265796146613
448,72.32643074282979,0.5090743370167556,38.43772959778862,0.4258839856500598
449,78.89610700973113,0.0,49.66255452070261,0.422145929358587
450,69.91365398328675,1.5331287437896304,36.18750659168719,0.41282397525262415
451,88.2024783732468,0.0,47.67002948283263,0.40661465206392255
452,84.63130329318606,0.0,33.88894467443821,0.40640432683480054
453,83.02049010433119,0.7651082013555177,48.6073068887885,0.408099607744985
454,83.38904125215944,0.0,35.50365183609438,0.4161006858007383
455,100.21043561484797,0.0,49.71993619952378,0.41013985900540395
456,76.7263394082132,4.716604292937226,36.24236376773373,0.41696462762609743
457,57.985587144994426,0.0,51.96670657353376,0.42852937026750254
458,81.99300196896465,0.0,36.08145946369733,0.43885696333066604
459,80.24038273484854,2.4880604815506406,51.160479129624726,0.43001351339742394
460,75.06191200305791,0.7903414272064831,35.934434304055095,0.4283844959582865
461,70.2117014064123,0.0,51.73720051444701,0.43212504565312393
462,77.35480951216942,5.822349100636316,33.18783208790166,0.42183517892327876
463,81.81338429217821,0.0,48.66574744699072,0.41942894443083184
464,74.97183299357462,0.0,37.467978400411326,0.42920581284040266
465,104.13853825851777,0.0466715436009858,49.306451089123286,0.4377360428995378
466,70.94613241309855,1.8372540981001468,37.390722726104414,0.42688231534940074
467,72.69029531434853,2.0715631380841604,50.14144425117427,0.4334057262813418
468,58.33992177073927,4.087073902948504,37.41224378159202,0.43995273536519924
469,82.51484415021537,0.0,50.483446689051625,0.4296441104935624
470,59.835933722002395,0.0,37.00390170674309,0.4333536863142111
471,74.60545366625499,0.0,51.80252817773569,0.43955809100638854
472,77.24329465439443,0.0,37.47313933407388,0.4324234941915692
473,72.90272034153112,0.0,51.054555157712976,0.4380555015609081
474,97.68819190979752,0.9982171175080417,36.02405644420083,0.44681272965553
475,90.0470784628023,0.3437818321577485,48.69106978228305,0.44772118618531037
476,94.47663911034466,4.284234491096354,35.00408817361402,0.4399604839309662
477,71.35463043693676,0.5960620747864714,50.69026199279288,0.45044615982920855
478,91.28594064514569,0.0,32.33573745995493,0.4493573396581512
479,84.96000946343962,0.0,47.60307781455193,0.4555000649532174
480,87.71405948676846,0.0,34.548547777204284,0.4629242165438559
481,90.29438828782767,0.0,49.192413028967934,0.4670185490001992
482,70.91236754040946,0.0,32.046271250809966,0.4586614789775006
483,76.44294459574947,2.287069351761575,51.45192705089236,0.46882649148269423
484,89.40350778757315,2.5918255809621606,36.89369116051686,0.47709405441533
485,53.44380907025067,0.0,52.54071869469621,0.4791831046050602
486,95.51167352086695,1.2613089837830125,37.58675000940664,0.48049826353489605
487,85.53132064207584,0.0,51.109414093736405,0.47644165158345375
488,79.54296039339765,0.0,39.36944235256877,0.4865347111340087
489,82.20507655757173,0.0,48.707407966722215,0.48744228291341607
490,69.70064716691023,0.0,33.73824070714837,0.4885019347314069
491,76.50056635410895,0.0,49.21530900226925,0.4914706166126952
492,91.9420029028298,3.130531735420208,34.75594022525173,0.48887294260251735
493,93.82663204796965,2.8213744156914684,49.17857705547169,0.4847004089596374
494,107.70906144088669,2.4894030508363167,34.418099820635334,0.4912916718348068
495,79.26075333719585,0.0,50.41566519818936,0.4974695022660642
496,74.5337155994595,3.730817558365149,36.76290258042055,0.4995990366103904
497,75.13100830028715,0.9111598656234764,49.523461211155954,0.5036440342363284
498,70.59890224634634,2.597736664066629,36.46080056109679,0.5061051416978148
499,79.22145244059149,0.0,49.350769006314586,0.505093181880667
500,83.99360128022238,0.5542566003323347,37.12147880842339,0.5127723379717744
501,80.85865540155662,4.003594022920554,49.66830622123639,0.5042793709357544
502,91.87559239022373,3.040413111885858,35.59525986867881,0.5112528490773613
503,77.65784198655463,0.0,50.95822180192243,0.505018176269774
504,76.52549347501437,0.0,37.88466020986261,0.49533702679318203
505,74.59130659711828,1.3466378857384336,51.57002583547018,0.5059023406692476
506,63.851764039768646,0.5936976737119893,34.50801627204324,0.508557633204249
507,64.32232275691545,0.0,48.76217428494581,0.511378863995609
508,68.20842069362313,0.0,33.44118416390093,0.5213293028484294
509,93.0142807166476,0.0,49.20599756970295,0.5145811347287818
510,89.47808996312484,1.7516241140851736,36.6176140277389,0.5148251811520844
511,95.79687370476294,6.824110136110176,49.3646433352404,0.5268101842699857
512,66.67788345405498,0.0,38.88970460659492,0.5239048447246948
513,60.712500504195944,1.329158006853825,48.95508003434133,0.5336657473555013
514,73.77823013491886,1.2626444541989803,34.36066547278907,0.5382459119678679
515,81.75818953296027,0.0,50.41660140701018,0.5417123010771945
516,84.98690274909828,0.0,36.2183290487697,0.5330934991163192
517,90.47972155968053,0.0,50.388308990708936,0.539581556093481
518,82.84279670807214,0.0,36.44911020220175,0.5294725477532413
519,97.42668780655632,0.0,49.92949373780467,0.5216165140478035
520,77.77394319051679,0.0,32.809979981458575,0.528998279662009
521,70.86920781958204,0.0,48.47467405573234,0.528805646131136
522,63.859657082523526,2.2394641248928817,35.10794092909317,0.5290894450969642
523,71.11028641904551,0.0,49.04189859010597,0.530126568913435
524,82.42117960985124,0.0,35.32084084833105,0.5226005167625345
525,72.07805719578992,3.2175325644207846,50.1830732395399,0.5162698721102613
526,90.08361554475766,2.387303031350299,36.894752069060495,0.5258312831358689
527,94.55365960321872,1.4346084761475986,47.86638370688164,0.5264487073566868
528,57.29807133241056,3.3131346155886443,37.02363491621448,0.5274143188520306
529,91.02997557051955,7.964841885143606,50.44249730500897,0.5195354308647498
530,57.60395941338263,0.0,36.69208340507979,0.5266368453934571
531,84.56424406883254,1.830845059765508,47.43700336496386,0.5323857627434663
532,92.2487056419366,0.0,36.654301756455965,0.5251847836063924
533,80.64856106343576,0.0,49.68773822631277,0.5257005128377213
534,67.2031082679576,0.0,37.43474841884324,0.5350897513903436
535,75.66822558519718,5.075125426583008,52.24038028996032,0.5253757230343139
536,77.5572925282063,0.5791566177176872,38.37553013441386,0.5281276895550256
537,79.55812436170267,4.601907332006975,49.732811355368256,0.5310097306690953
538,78.31631046288065,1.1509295684910792,35.99061626843381,0.5206722010271578
539,78.90117220690686,0.0,50.51176752302236,0.5255312825467386
540,82.15088132499382,0.0536027863071042,34.320868375893305,0.5153874209415679
541,68.49746301181843,1.94399849716876,47.38782038460116,0.5095540932582242
542,77.77612921789377,0.6544250553198643,35.284632417984966,0.5196470438548714
543,95.18261170355706,0.0,51.39469846758016,0.5248307830415077
544,76.1688605367876,0.0510492273759648,35.49673585859876,0.5213846044073702
545,75.56163906844802,0.0,51.81771645572251,0.5185172696328845
546,90.78197303714238,0.0,31.811258981394964,0.5067470001991183
547,54.40815333655904,0.0,47.183035456826914,0.4956144612068487
548,93.51376642196006,5.666601363590662,35.80789520673892,0.5048084579601814
549,74.56608776295333,2.9504178100166816,50.89613690901968,0.4954766538046888
550,81.63928572452586,0.0,35.88899365794233,0.5019605425419887
551,80.96321355921197,0.0,49.420365980268414,0.49215616741931134
552,90.58733426158247,3.8755102312617953,35.810816063136826,0.4938202155279388
553,77.32405253764652,0.0,46.91949849540675,0.48656419490016967
554,74.63853643490683,4.72931416850445,37.730531617682246,0.4974016228274759
555,93.30521907670774,1.0892039006558567,48.53969801725231,0.5087958016315726
556,56.785877995796085,1.4253872240262844,37.62772729184415,0.5053976669372172
557,80.20334181705243,0.0,49.45805997006484,0.5131147178822597
558,66.91751504642492,1.322564242387076,37.59566888701609,0.5079735235315286
559,74.14643660366069,5.873901620754282,50.07873206847471,0.5139546871612536
560,100.21172718812527,0.3305345783129617,35.8334165701851,0.506192623945914
561,79.55404573544143,0.0,49.90323756761141,0.5095421092398205
562,81.9506969715138,0.0,33.7839618923551,0.5204855885822214
563,63.124254906211625,3.1329448775584634,49.57288908776491,0.5128740964873357
564,72.95991035683794,0.8345231492829681,38.56748878919066,0.5048172784215846
565,82.17822973531989,0.7088524267734475,51.52613544299143,0.5035249204552243
566,83.54757693113218,0.0,34.51589293197536,0.5145351533599446
567,87.44061525396467,4.239165700106292,50.32237387401525,0.5132146803632854
568,80.20378578019935,0.3916893034119553,36.36539813314377,0.5062460586561357
569,85.2700420845466,0.0,50.78962751718447,0.4949276715459386
570,84.53781912635684,0.0,36.13465763430578,0.4916472346147303
571,61.70259588995469,0.0,49.21358910731321,0.4973173187319362
572,80.7368913342623,1.2227803838693396,37.98937447056344,0.4922147217037325
573,87.67902407732704,0.0,49.88843994941637,0.49101337213519547
574,85.8987982073452,0.0,37.87662478894194,0.48346397584210526
575,76.3614119002921,0.0,51.0254244020251,0.4883959401376811
576,71.94373492460632,0.0,35.5066974437441,0.48695955825158327
577,69.34984561629247,1.776549531695969,49.31334468547262,0.4771948309919925
578,78.68945988458587,0.0,38.888176957021,0.4731438731527423
579,91.33079879559722,0.0,49.85106858516823,0.47849866742789937
580,61.29199129503206,2.7001076994936017,34.85548567098243,0.48256662944199363
581,73.40108270270503,0.0,47.76378018003083,0.4888912968829588
582,68.60197544573226,0.0,37.4546269589091,0.49868037735424475
583,88.03036021439358,0.6026166732952835,49.80428567865277,0.4991593924557742
584,74.456903734287,0.0,34.80529038022899,0.49046627817267
585,75.29362341845209,0.0,50.5757223438633,0.49019293973990963
586,77.8305043006335,0.0,36.233051348606345,0.47829236650994633
587,84.61320758736277,0.5309169280493293,47.07313249086393,0.47920684840813843
588,76.59348471585784,1.724582324514044,36.87645663808868,0.4893859872470525
589,49.553157320432554,0.0486262281060722,51.56363115127321,0.50098654580992
590,85.43553679073084,0.008059589518831,39.833203651971175,0.5123639669071701
591,84.61487795006295,0.7481612444750897,49.61619894310137,0.5056028735570256
592,77.80458971668787,0.0,36.34240279333829,0.5100014193676347
593,69.15963379328065,0.0,51.97374030486057,0.5050957772322174
594,83.51780110681358,0.0,36.24651170642719,0.5001918041584767
595,83.79235533535586,0.0,49.97685789162824,0.4977810840462208
596,75.29967117299125,0.0,35.0475007188766,0.5015190747109687
597,77.83268529424461,0.0,47.47228242793858,0.4928479122317605
598,71.6547680794227,3.1877770155529994,37.36246020975225,0.4948472469704196
599,78.21410907912671,0.0,47.65348974179,0.5032232655292685
600,64.49570654916519,0.0,37.70441267044366,0.5064711489811176
601,84.69093354565473,1.7258177844545768,48.38159675867687,0.5067027892282104
602,70.9517308482974,1.3180525218011725,36.39127924361991,0.5019428831353238
603,82.38103147832312,0.0,49.00543749997093,0.49417159995418586
604,65.94037083732101,0.0,37.75532866295848,0.48590742375526896
605,74.0994235413046,0.0,50.01511470031824,0.48391875982198795
606,78.89510594934072,0.0,38.93207133478318,0.4885904077451826
607,63.39300188130737,0.0,47.93832857796899,0.48698430730748127
608,81.15147873140093,0.0,36.6142229283261,0.4907772006509592
609,76.58274794720124,1.2474119200015823,49.63485791836906,0.502227113465076
610,62.57643802190769,0.0,36.41334366290785,0.5129683194828993
611,66.96757245887684,0.0,51.95772685442403,0.5086251918009644
612,86.31348839668554,0.87429185287959,36.871405351160895,0.5070925120124531
613,89.21909797413767,0.8784603954147314,47.84255698399255,0.49800724120499323
614,80.85696263454841,7.253496774493577,36.79369453353221,0.4947456320518731
615,84.04761812040498,0.0,48.940416032774735,0.501828440069825
616,82.36816737446972,0.4324391378020897,35.28339585091628,0.5100926259730084
617,83.29622982127738,0.0,51.132631089058414,0.4994084427681112
618,94.57452147092908,5.715604667087155,35.089918331483126,0.5004622337933186
619,65.83663450335328,3.022061618319994,48.99424960563816,0.505268292697085
620,88.5029270352437,5.794399038758211,36.04203918762827,0.5083871073948312
621,76.1799104442218,0.0,50.98312394212644,0.5130129154841004
622,77.90626130195959,0.4961688149199532,36.86581301031425,0.5244784821592201
623,77.02361871479444,0.1537200644837905,49.212222729131554,0.5151889452532433
624,76.24852883338716,0.0,35.585163607491374,0.5204624792144773
625,68.04755969962746,1.031738724858822,47.82365060470807,0.5285833800125121
626,81.83339199257601,0.0,34.85367567313347,0.5359061970504765
627,97.657973082549,3.161809182201437,48.58227346827762,0.5382206677173823
628,79.43866979551242,0.0,35.769491893401295,0.54406574250466
629,79.98614957264904,0.0,52.54398965276211,0.5357413389446889
630,73.12700962843337,0.0,34.98022415534282,0.5387669563074081
631,78.86756444125608,0.1410330181239581,49.1201014951499,0.5362705289793793
632,86.23317257084867,5.238361035027882,32.91483069855756,0.5414573186686255
633,77.07837409080794,2.602661659504535,50.46470173847412,0.5493710378548251
634,75.54534856844226,0.2779632632075647,33.627255115281955,0.5492700712180985
635,84.82116311130085,2.628392365561284,48.20396081376183,0.5380890857807642
636,70.97458004138471,0.5154257985838928,37.556931358683954,0.534910013684631
637,82.52496627076873,0.0,46.40645245263992,0.5355744104496901
638,88.57494797558184,1.239100009892069,36.137308924615326,0.5253278140516039
639,94.37376643724731,2.5809367348415417,50.76523956700605,0.5156043353474627
640,81.8418593684813,9.152264804169173,38.281594660682885,0.5090409901016372
641,93.94286884870692,0.8896548354659792,48.18370543427394,0.5176596496983058
642,90.34409886481518,0.0,35.05739103066267,0.5208513088678118
643,70.87558146116402,2.7923595495822298,52.270499582112265,0.5264631511350268
644,68.44147688042474,2.0695399878541947,35.95583808915007,0.5330194959030545
645,78.37350326210391,4.743798802160393,48.45944919560385,0.536737763183149
646,90.96468534151332,2.2511013852158865,34.917199550061625,0.5391849155846075
647,79.27712992439996,0.0,48.10501061165717,0.540128257620358
648,73.99342442342211,0.0,35.33391999788348,0.5463067091687624
649,96.68214879678148,3.8657233209862327,51.19617581168238,0.5486437955210584
650,84.40785746265024,5.129375275389238,37.32507740888266,0.5485579585511929
651,56.794057242092585,0.0,47.802439642770345,0.5547025575400736
652,83.17160626292689,0.0,36.31530741807882,0.5488486738230692
653,85.79005794616033,1.9655060015054708,48.96060549439959,0.537520811193592
654,82.25608654471104,0.0,37.16708891217913,0.5469735270483391
655,84.49712100231993,0.0,49.32930550616441,0.5582452533113352
656,80.14639566976442,2.730505863314148,36.55071532872212,0.5626722307152743
657,67.72875916163677,3.042392860280404,49.32593728657061,0.5696252820761818
658,77.32086716033368,3.426357308460693,32.71279941006513,0.5586208108627703
659,70.99814304680511,1.514336674560102,49.634348765061326,0.5502381071510222
660,70.67259089205622,0.0,34.085807881727334,0.5592026996462593
661,67.36931650897725,0.0,50.68453771452362,0.5573818103428829
662,84.52489092639647,0.0,34.97368646742278,0.546144029278137
663,80.97896145412628,0.0,48.65632611289888,0.5386241864318903
664,76.03604916139828,1.725675960684577,35.98007406850401,0.5402717791152104
665,73.65591730145059,0.4976552625149301,50.43053602834493,0.5407116474270094
666,81.75480333239747,6.630114608706634,35.73881257932377,0.5342451635627463
667,91.0291636059589,0.7907210827800475,52.02711925507589,0.5455956035556304
668,60.326007852371234,1.2272166912012987,38.46665509825118,0.5516093958001517
669,83.76876520850892,0.0,52.137047985263344,0.5566473070857016
670,75.23703425683647,2.313846656714325,35.64195021918432,0.5591360951975906
671,62.65382847154919,4.9989564044789,47.34090741285408,0.5656591774241191
672,60.69570391670288,0.5091158278082277,37.82354607737989,0.5565596321082962
673,72.24388515927319,4.572400335420336,48.9393271690587,0.566354436882434
674,82.19509555793046,0.0,36.05067777402548,0.5736494469669746
675,84.89974264901323,3.2303776973744003,50.50632525129112,0.5842663032760889
676,70.61018427322215,0.0,33.586773705253485,0.5746823841527404
677,90.17020991413244,0.0,52.007526905007104,0.5627851768961292
678,94.22983496516106,0.0,37.30587179967743,0.5696710903384298
679,83.96086584956561,0.0,50.09225247011557,0.5813262973571942
680,74.08597332191889,0.0,37.3298034317405,0.5870276802982114
681,91.92233236938007,2.2604684142546008,50.39927390599938,0.5973511613784338
682,87.55395695663339,0.0,36.16867047937608,0.595814437356798
683,88.67407411354918,0.0,49.10218361379152,0.5890354704984163
684,73.43536325028468,0.0,34.884714894488795,0.5987340019745028
685,52.33198734655218,2.258441330997364,49.99466651836341,0.5868250753952127
686,101.16791021483675,0.0,36.535232895679975,0.5887682661062593
687,64.64308643680592,2.5062349043508547,51.188643301040656,0.5932844352885636
688,80.2691257584142,2.08935492338805,36.29441831910126,0.5824416291986779
689,105.15542724007723,4.493245759599122,48.28404282333752,0.5923406148927982
690,85.5209328691658,7.3838843547402,33.62907903492748,0.6023146007254064
691,89.49246473558236,0.0,49.37250185399346,0.6132852092887071
692,64.97603430618287,0.0,35.95224074098811,0.6208510423360876
693,63.52427768038528,4.336490759074498,49.41670772281796,0.619977171879792
694,74.67297208020446,0.0,33.69765895998903,0.6210224968772404
695,90.907497344345,0.0,51.17554280781162,0.6274242285668002
696,76.5375055235269,0.0,37.60237292537314,0.6277148515853334
697,72.40213770179112,1.1616697083536938,48.32891735008663,0.6302710693404608
698,81.97967289944967,0.0,37.202401473455694,0.6386141801536646
699,92.63619474840199,6.056141878764477,50.99309138972585,0.6293298766293656
700,66.72142686005719,3.9027628359697113,36.05109892099401,0.6391734292329093
701,67.89457005876648,0.0,48.14109715771725,0.6331235240135263
702,72.11330745490633,0.0,38.413500608914,0.6216864209643644
703,91.0693095493331,0.4097526740405921,50.1352272476667,0.6102694278692995
704,82.34821525948732,0.0,35.6168721232044,0.6196597044579972
705,101.32153410570444,0.0,50.72311319051772,0.6249674354476582
706,89.97703461998637,2.041924538917371,38.42674103779769,0.6339485984741738
707,79.6490482313033,0.0,48.81810487697506,0.6346048334874201
708,93.93533185443312,4.281844911818213,37.03056212390765,0.6362194585460164
709,82.89512940195138,2.600530915441961,52.47858535309543,0.6276385689659679
710,73.87069662185394,3.066367156427958,34.318581054669245,0.6384897691176943
711,86.79974844245102,0.0,48.739964713916265,0.6356178958764593
712,73.03673346138918,0.0,35.09664568513416,0.6365942555358726
713,77.09602899196133,0.0,49.32635439143453,0.632448426543599
714,94.88959698281829,5.37256674412822,35.67846770219617,0.6260872703150275
715,80.0813699372279,3.6472826646729866,50.015038256058936,0.6266154245031216
716,72.63894049853312,2.234514573164681,34.76286502582036,0.6269580219584237
717,76.47849996549756,3.739589599508245,48.62984986368702,0.6384882846650293
718,90.21790585588673,0.0,36.44536403199633,0.6396007034834513
719,74.47459326583271,0.0,49.79621288660893,0.6466708471118097
720,77.3015940927847,3.901008537637231,37.30454801976276,0.6538184970432781
721,74.89707260366372,0.0,50.17787763439682,0.6573644635301047
722,81.8392549434031,0.0,37.15119825936361,0.6519399115505522
723,76.69301791048152,1.8263850474586625,47.849417037696114,0.6606955431409992
724,63.98163951027463,0.0,35.418303839348795,0.6625311534568261
725,71.1281905815496,0.0,52.33641502333353,0.6723456117598936
726,70.97965391658715,1.0251477721717897,36.58154537584997,0.6615742565617722
727,92.59045247240661,0.5241954261835089,50.68493453932784,0.6511378983002183
728,88.12674042109043,0.0,36.402530411766655,0.6577646882450778
729,85.87259379399826,0.0,50.20184888240154,0.6486933056260102
730,75.59842849875447,2.173372237995248,35.6470722287302,0.6459955986710786
731,71.84208458006029,0.0,54.92121392404783,0.6393813470340691
732,74.92482398342644,0.0,35.39919442240792,0.6391696772993352
733,69.48119897448326,0.0,49.50636327039364,0.6314494144095898
734,104.97200391587008,0.0,32.35617381783959,0.6406323260560629
735,57.63822289491892,0.3047979287764479,51.22324508340044,0.6512265850707145
736,85.64008535073809,0.0,35.165048881495075,0.6531301869376663
737,67.68165511514457,1.7572603168994567,49.4726539379909,0.6458102824466282
738,79.19019203593253,0.7787565029314941,35.20136747969972,0.6506519475951325
739,70.11998057506266,0.0,49.35582067909609,0.6566589180068988
740,68.64416805486438,1.4015255989689297,35.56705765839152,0.6531235741909199
741,68.59803699065039,0.0,49.49928243333739,0.6498046093010238
742,97.54986153742058,0.0,35.914226082041694,0.6481425223763874
743,78.67011577690408,0.0,49.33253712977954,0.6373753417305921
744,72.73786990248271,1.3163061575452668,35.741612466203044,0.6348960999529202
745,85.55786964082873,0.0,51.52662277549739,0.629342012523868
746,80.103493145663,0.0,37.31555368566136,0.6237813661788545
747,87.20033759341652,0.0,50.89500857467824,0.6151727710062521
748,62.74689237967975,3.29819646352684,34.894754984354805,0.6139058877319323
749,83.03603904462001,0.0,51.449076344780906,0.6120460714696914
750,88.03338589502299,1.0214584133305682,37.6908950698163,0.6041688572115987
751,63.65892311234857,0.9163534116473367,48.73373860380601,0.5989568282661124
752,84.48195284423312,0.0,38.279206331822174,0.5884396816475838
753,97.58053108277927,2.062384514992217,48.53900618250868,0.5844401571727693
754,79.85142296645297,0.0,33.23038054841485,0.5779112492385593
755,88.21405937024811,0.0,51.21613407623812,0.578350931549342
756,86.7057045031091,0.0,35.81415013537735,0.5720708717778316
757,74.02899271096133,3.680165620223671,51.02922744387084,0.5712037871298996
758,80.4902776877338,0.3087011395628395,34.862125061936176,0.5788579876572634
759,64.33005289138397,0.0,47.6711900793878,0.5831674026712951
760,75.48696962897473,0.0,37.84123598895842,0.5818155699003291
761,82.65687974966237,0.0,47.45294225191471,0.5719928420253158
762,87.80552629025738,1.9150711762646584,33.65188253886642,0.5603109097091277
763,80.24612125247911,0.0,46.67546476086183,0.5653912493422086
764,87.62421207073591,1.4145825643474947,31.8017198585611,0.5586436870587566
765,68.9709378704463,0.0,48.00518852211177,0.567414459023352
766,78.98302725445129,0.0,32.73931636840441,0.5573632968997445
767,80.19279384513077,0.0,49.51043687009361,0.5586523713462117
768,98.49591246679637,0.0,32.638802280535494,0.5582427566374705
769,77.85833343799916,0.0,47.92243496824437,0.5647579512681262
770,75.00983362005817,0.0,39.49152130033695,0.5741980968032007
771,80.21351223843548,0.0,50.08153145792647,0.5703733430062057
772,70.80886555130056,0.0,36.07263681913405,0.5592697245895087
773,82.59257567391566,2.216790610878311,47.132717126528576,0.5516735261469741
774,76.34944783453743,0.0,35.62503180709931,0.5430987847800554
775,62.08672451958816,0.0,49.63600794171329,0.5333190530334475
776,79.41413448866139,0.0,33.58565711234188,0.5280067594721144
777,78.87580182952486,6.837442562756189,49.75311611832929,0.5299071306488389
778,63.675766979320166,0.0,37.78027699162011,0.5280904517862024
779,79.32865845385479,0.0,49.04145791874929,0.53675806288192
780,94.89355962074481,0.0,35.69757375341604,0.5360292536260411
781,85.2849137313001,0.2395874951431992,46.50070047376523,0.5309312887349165
782,86.11927192731157,0.0,33.89457750310809,0.5416044964298841
783,66.58503274416958,0.0,51.15038774915068,0.5300672736037195
784,84.76898368922222,0.0,35.0011023361517,0.5335860359243594
785,81.48449581380078,0.0,48.169277645344735,0.5253543439675392
786,85.29045238334432,0.0,34.95455363206543,0.525398279708794
787,84.22628621708826,0.0,49.47764590650712,0.5355485065615168
788,67.85496431028652,4.842571884415526,34.255804439723775,0.5282046140447556
789,79.58599188442032,0.0,49.75361985596371,0.5236138080476355
790,73.41712743172963,3.3194534532709508,33.95341679033788,0.5199102317540215
791,79.68561150186052,0.6215081490291309,50.72484510012204,0.5307126233319861
792,71.88489603868095,2.8630176923308563,34.40784464001306,0.5339948094509073
793,93.62770689906537,1.6766774255180368,51.54424757540652,0.5281403121069118
794,72.43448492613325,3.414029368588931,35.97837932688639,0.5338194741446604
795,73.29704127122805,7.621542786278037,48.29537845441552,0.5262206245540507
796,80.74586406543554,0.0,37.36061922039594,0.5183230104111933
797,69.62916851013748,1.3338640139247726,47.502099778353696,0.5123969702870176
798,77.46013049182766,5.689211720521043,35.172829838496355,0.5230671274662722
799,71.91417652943821,0.7127416827261125,49.56373180709244,0.5165217496792711
800,94.11172063889612,0.0,35.81167810109015,0.5206623946854247
801,87.85803826831173,0.0,46.55096689445242,0.5210078963372026
802,79.42530481534605,0.0,34.61245849210242,0.5124184888358628
803,76.20770408787922,0.3995820320646159,49.81619661064351,0.5172503995260572
804,89.40917614575113,0.0,34.0135909669826,0.5140104882560591
805,86.13767359249178,6.95210929754303,51.46348904500713,0.5234453577179264
806,86.94587244456409,6.551161325785063,36.736199639201445,0.5118188787103214
807,79.7380776265575,0.0,48.79248451094176,0.5084877162511161
808,63.11769972228568,0.0,35.66298960807237,0.5056487157192856
809,79.82761950026939,3.174264419549732,52.356191282756086,0.5084402469237382
810,74.67510080790932,0.0,37.39741098233694,0.5104594424142644
811,86.45055273459877,0.0,50.134173814307616,0.5153702547419087
812,90.11842432994189,0.0,33.87015015037105,0.5266746001419856
813,74.68818235610398,4.225642679052222,52.008262074977296,0.535984473712885
814,84.68385234277052,0.0,37.57202990933343,0.5305094542710146
815,98.4885163024889,3.765754418772561,49.34123701566856,0.5262397586965617
816,73.32287279429441,0.0,35.16888120220929,0.5222140093851791
817,97.53695862503955,2.3924707476939187,49.2819891888432,0.530240190370951
818,71.47414152829353,0.0,34.190523284722005,0.5182681101036568
819,80.40284187302537,0.5774810564861623,48.85766676044735,0.5085300330564361
820,79.88854388158158,0.0,37.13816907725424,0.49863900135221423
821,80.11498899870062,0.0,46.852413181144506,0.4906882277743986
822,71.62321958092055,0.0,35.52231674465905,0.49198504379182345
823,74.31334712495202,0.7505938753210739,49.73447905632812,0.4836141330921125
824,74.02799342037251,2.3506542798883387,36.14878036200746,0.4908882498503915
825,83.26962595404457,0.0,47.79543966595822,0.4984310597017316
826,83.30035114510312,0.0,34.22019896903188,0.4947628352849348
827,103.3944611473306,3.783392766493365,51.19759317069594,0.4879153592921622
828,95.54617508582118,6.120950076366555,34.15663466679803,0.47936641249909984
829,75.76722394355875,2.885521216478431,51.07682153147102,0.4802228905141508
830,84.42651559263284,3.9260647822365935,35.26988033335973,0.4799105872547294
831,89.9711798079176,0.0,51.18353962245976,0.468052936933937
832,80.86039611557746,1.847926240640911,35.36181054791494,0.46343780020657666
833,79.6940641659605,1.301599834766188,47.8141381160839,0.46345703642360747
834,80.6731133791735,0.5245465049153466,37.27826059061266,0.4551224067327566
835,88.67276628808428,0.0,49.537758263663065,0.44972675245458094
836,71.51679477194767,0.0,38.16629318400914,0.45547878726548396
837,77.8623950963607,3.730299281874812,50.90214522471512,0.4527128425402631
838,85.40751839388241,2.3439564847253456,35.64928836260677,0.44480146377227325
839,83.11447071554156,0.0,48.8893436945139,0.4518956910552333
840,82.71369526424618,1.059558885607565,36.02848682095334,0.455167030368291
841,76.30198833696197,0.0,49.84916012379715,0.4582109293935189
842,90.5627285524304,2.791235536683418,34.670805515924755,0.44816788746803526
843,101.81591685488043,1.5907812761168374,50.82675445654522,0.44600522845572144
844,85.45934274617788,4.650626031386063,35.39738306830687,0.4398303171067804
845,78.18546402233346,0.3907701261062063,48.9293034792784,0.44214983145524483
846,87.55740288894543,0.0,35.182395799963714,0.4314992782979338
847,74.6469532162366,0.1275986125549734,49.91037099802342,0.4357318361179493
848,75.02266810504574,8.398571840249033,34.95534940344118,0.437920028857978
849,80.94864197074816,2.0685149820368283,49.766300261993806,0.4351099644820278
850,54.27324752828823,0.3373795266255974,40.14333291267527,0.43301006097398664
851,69.27530462869765,2.7160275507258325,49.48343090690135,0.43206667688466993
852,76.52038144079154,0.0,35.34242119857449,0.42558945015994637
853,66.78854096502985,1.0747651550232646,47.06231125478651,0.42443266511509536
854,70.58937386161072,3.052682935106743,36.06876119316857,0.42242588963074384
855,75.63251662541992,0.0,47.89999868213396,0.4275299747788005
856,63.570347064693905,0.0,35.430091127565106,0.4264786207778664
857,75.93928203740168,0.0,49.79125648747908,0.4276504822114538
858,74.64729835467156,0.0,33.39694413128924,0.4272722179278128
859,80.25405208385015,0.0,49.80003922560605,0.43079179486420766
860,91.95270383469351,1.3695450991777047,36.45020106916153,0.4262828320830774
861,82.32993395820738,2.0162993109290586,47.61819506750838,0.4158887582051534
862,81.53759559541916,4.423251273328416,35.40496451782884,0.4096529240056091
863,80.99454457030711,0.0,46.817845553741655,0.41502757877371843
864,82.27392775121129,0.0,38.35667970978607,0.40909285019035374
865,69.83261351390232,0.0,50.05969001183163,0.41591595158089206
866,78.85224675229202,0.0,35.72404555455381,0.4117813520591965
867,83.2681459819495,0.6021118786112245,49.318691351024114,0.4022092086288297
868,66.2924001745694,0.0,37.69059371812112,0.3952971631260216
869,89.6959288904657,3.464665541023871,49.422596769127445,0.4002232303758686
870,91.05411310396066,0.8011758645958708,36.4896534629361,0.4081816572678717
871,74.42377460961706,2.45844831370316,51.841789437556606,0.41799307500633226
872,79.04555420278567,4.8631070577223445,35.474177584019166,0.41666280152302465
873,71.21809657189927,0.0,47.924892110248265,0.4209647505496231
874,86.99380483587817,0.0,34.75667744389204,0.4198007294985785
875,69.38777712554091,0.0,51.70684084866731,0.42250449086394826
876,78.19217934372512,1.3898314871810435,36.130570768793554,0.4234534196377112
877,72.16908640666622,2.527618282476477,48.81034816460385,0.4255792046678654
878,80.89796289044551,1.2947337344420515,37.4538948757212,0.4154926600321031
879,62.18074344385743,0.4101205291821266,51.0607811755241,0.4042233394708197
880,93.26461642365693,0.0,35.27995665416281,0.40179384970286675
881,71.1893163813978,2.784602078201438,48.10593984138018,0.40472379362726796
882,80.62526662705181,0.0877326529634969,33.637635404430654,0.399008226802425
883,79.40284807811247,5.093595086051866,46.87301171561901,0.3938050720381822
884,72.37885488077502,0.0,35.59594862825347,0.4026404493950351
885,72.76768318298728,5.48494849782211,48.22405117645317,0.41409553523523285
886,89.3639854355246,0.0,38.78113992073175,0.42465026150438495
887,74.99020138305227,0.8220243802389144,49.6516517290509,0.42383542806292396
888,82.78409171274035,0.2412995545574928,33.08020399114572,0.42770421558702687
889,71.98503114605626,0.0,51.69193901027346,0.4355602334092488
890,73.52818568152239,0.0,36.23599377014886,0.4415645940417621
891,85.56066991330215,2.793994708078879,50.62131431756802,0.44414670640928244
892,89.30496461142704,0.0029321677196036,37.01648047127258,0.4341992696064178
893,79.10727968656455,2.8681456994492045,50.00867994793817,0.4243171725573573
894,67.38731770893014,5.355054751114999,36.77844225167428,0.41286209571458893
895,100.58900135556529,2.031468526884149,49.92198610460292,0.41297998389276896
896,72.30157066621521,2.890212495191065,34.33384944707431,0.4192588867319433
897,64.58412600328212,0.0,50.11394339422207,0.42723569357786884
898,107.23084875440718,4.288676255752166,37.52928656351128,0.428117943008652
899,77.33872282981909,4.596819227761561,49.24876047803964,0.42080607832457484
900,65.89740366632967,1.7157684964791606,36.8203816331271,0.42086325758159504
901,73.16560233211318,0.0,50.19322881480545,0.4232485520935588
902,83.72433514602513,0.1629539526747575,38.71690640190113,0.42161421523206505
903,82.04351340342299,0.4679927582786773,49.18471964595872,0.4304875021277168
904,71.90373661738937,1.403428633084256,35.555422061867105,0.43243614573782774
905,98.22723600127959,0.0,49.38844748678824,0.43758828673720024
906,74.78420322006627,0.0,35.83984169336693,0.4450037579776272
907,68.15313409588448,0.0,46.15491853057691,0.44062841428611454
908,89.61224936654082,0.0177179397807472,35.02951354382261,0.4420578729478957
909,94.3962044808727,3.685253384919573,50.01367269682702,0.44634318623803204
910,71.82506902383773,0.0,35.981043534020685,0.4567902492526466
911,65.9865270696069,0.0,48.36483636571266,0.45822475105363936
912,90.30438267415605,0.0,34.9962594277594,0.46732138662148437
913,59.731791570054476,0.6834256687803155,49.03042540456292,0.4704157179004912
914,67.98660285648636,0.8427315015083501,34.79107063481884,0.4615842826465284
915,90.73176218973032,3.5243356307599125,48.79426918134326,0.45864322276881325
916,81.68395103845175,7.458255062252172,35.18434312680466,0.46089830772262574
917,77.36062651407312,0.0,50.90690136691913,0.4620074309586656
918,84.48459334056577,3.1880909187399067,37.51801520883408,0.4632193323697861
919,78.4722557645459,0.0,50.96422273860037,0.47453773141009165
920,68.00846124322317,3.317761549513554,36.633481004785295,0.47491013691082046
921,93.01972161575603,0.8632271856471703,48.50136137038804,0.4758693911773738
922,93.25014052886816,0.0,37.43317398101306,0.48614324517050894
923,82.35018400199993,0.9895278807344544,49.092469217229215,0.47882470216482664
924,80.92480289093845,1.5782091220611476,36.02800661841167,0.48150714772823067
925,103.74767412804393,1.1714202261444826,51.57117589490424,0.49002220720917955
926,77.23567154984163,0.0,36.119417590219925,0.4835934996300269
927,78.73511373058439,4.436278496415962,49.93477114236479,0.4747794890146764
928,84.67563406887345,3.436071921561332,33.87425907702758,0.465816632032538
929,95.33783032780812,2.082035887949095,50.29435903765864,0.4765780642487204
930,95.92770754417484,0.0,34.52341833506875,0.4660734754663509
931,77.41427368323228,0.0,51.08175458156021,0.4563484178572556
932,83.82809870318393,2.482620811968249,35.71652954026319,0.44912105489607007
933,67.75966014225243,5.134982709643982,46.20959183398269,0.4481148433501068
934,77.81447268539182,3.114112548513166,35.45639815217745,0.454791288932584
935,71.59709604520694,0.0,49.22179328957949,0.4450751605940344
936,70.08068863959039,0.4966872086007882,36.72164114513961,0.4536258949584322
937,97.93451484640286,3.7291589457653096,50.56961368297911,0.4459615700235936
938,72.07713338193855,0.0,35.50178193894068,0.4567282943177504
939,74.68394091988546,0.0,51.08314738928917,0.4516529020291029
940,84.61048129742258,3.173311394180031,31.242845313043105,0.44682816876264697
941,93.10857752459106,0.434416182850674,48.49286159997052,0.4373596145289646
942,84.81115126388835,0.0,34.32488189976669,0.4268969602039545
943,107.59355114021582,0.0,47.68256983113098,0.4268448256181063
944,79.25332021748851,0.0,37.432987863043735,0.4354087459424424
945,83.04781986560947,1.5355182110400394,50.80760069554564,0.4252904729892414
946,82.75600673984056,0.0,34.829773275407135,0.41452257005653775
947,94.74965756447611,1.3305456552818762,51.3309306029483,0.41290766454126504
948,86.50520795125578,4.776061467198771,36.14562864470109,0.41098091549391425
949,79.01770705271493,0.6000135219547159,48.93131894584563,0.41956968198125305
950,70.52511405093121,0.0,34.95404411146381,0.4118836784437285
951,82.44443455961633,0.0,48.39643750731372,0.4188570800765026
952,94.01344831291959,0.0,36.70259059219677,0.4141085630580176
953,75.89618206342129,0.0,50.53907744845886,0.4032623108246606
954,86.21493380378917,3.084992065411149,36.35118012430433,0.39999896725115947
955,83.1778522604236,2.3879145785838967,46.488518580933714,0.3975224932499452
956,88.63519658381314,0.0,36.43796629010182,0.4005696460859484
957,73.64469938906902,5.640789318159064,50.41193994306657,0.39455501562545087
958,103.46647030526562,0.0,34.98961989782579,0.3828882907981953
959,67.20838892971742,0.0,49.62872091135589,0.37414803332687463
960,76.34448910013963,0.0,33.19760185707135,0.36808502650784564
961,91.23678245744681,6.186190161301177,47.7188915044887,0.3786831421342394
962,83.54620680528306,1.929583601139769,35.50707528366168,0.37336677657931217
963,88.51015419164158,0.7009753361018188,49.099218380984205,0.3830052622100784
964,75.03897666017437,0.0,36.52094736364687,0.3849887665616834
965,79.41617978960842,0.5474320547061029,47.783457017214246,0.38038196992547557
966,82.17583441026902,6.845048579602827,35.481619209091456,0.3845755608826966
967,96.4794903776462,2.622980774290508,48.82917542638825,0.3745975841555182
968,86.90429024383049,0.0,36.78544401699128,0.38241268028897824
969,87.96672108364672,0.0,51.69540924956086,0.38445814117095845
970,73.96697398252638,1.820783026314427,38.57480878573758,0.38405600513410276
971,90.55700777860515,2.893937976582148,47.21118502676133,0.3840584618624218
972,82.25581663568803,0.0,35.92140701839678,0.39339745448057006
973,94.24348333664717,1.1734339328930083,47.89505113164121,0.3841727951868157
974,100.79155520805249,2.1698455295593657,35.89631087879311,0.3768531710784853
975,78.06733239871744,3.783300529958298,50.198224016432285,0.38217993269552236
976,75.93696869554938,0.0,36.115664654077584,0.3793696915800337
977,73.4359279660496,6.9212595902443255,49.49032754881667,0.37483566470977825
978,78.56420488283679,0.0,38.217987068170416,0.3757174162549003
979,76.17974551049616,0.0,50.64532918456423,0.3729821770845904
980,83.5950439957101,0.0,35.58444661371579,0.3771807486145501
981,79.08321398635094,1.762940518960994,49.6001621383513,0.37108076064092793
982,76.3840071921838,0.0,37.29977501620657,0.3615070054209426
983,92.20913536324122,5.210946673208991,50.47853085606728,0.35450813271071235
984,70.62119768848548,0.0,35.35581415047123,0.35309484249965073
985,84.44431930283247,0.3774659043967829,46.90098083535301,0.35339819540213746
986,75.94058272811516,0.0,34.21644206686343,0.35633418347834167
987,87.24368504869965,0.0,49.78281393452863,0.36660498831911825
988,93.85261546722231,0.0,33.31363802700396,0.36314532558895024
989,76.96901746575928,0.0,49.33525334998372,0.3712510163553244
990,84.41032907273151,0.0,35.31307454174117,0.3616674450942196
991,81.7879286573318,0.0,51.062724301579166,0.37015581390050045
992,72.00577600456903,0.0,34.016362570809285,0.36117226091533866
993,82.86154423652158,1.5122304636740127,46.66619162865688,0.3652915457776056
994,84.11031514091376,4.063700293752108,35.3639671936073,0.3604687762622412
995,84.12870820446174,0.0,50.51598979439864,0.372187472048221
996,78.01601103179954,0.0,37.5983062044135,0.3794956115264161
997,80.94192300310146,0.0,48.19985457216845,0.3853825856224978
998,70.13892796689525,5.383458051088686,36.69882392741675,0.3856267294542087
999,76.41885924520143,0.0,47.89669942536483,0.38365576774816
1000,85.55962679709798,0.0,34.870187107668286,0.3816983168202966
1001,89.90040405803083,3.252217282385101,50.41523718605001,0.3725496248610032
1002,75.7768517587473,0.0,37.07065411985023,0.38002806024422936
1003,81.04714029433285,0.0,48.064773973098085,0.3710396226838003
1004,82.28053325124067,0.0,36.70577579042794,0.3653942002658636
1005,82.11848647225823,0.3456233507129885,46.76109537713253,0.3750410429951284
1006,85.4077358530039,0.0,35.68943994527414,0.3678064592792672
1007,61.965595336367805,0.4879054673450247,47.86247305759085,0.3611054695268772
1008,79.59933468470902,0.3085846206158105,34.78187929572674,0.35068679726951424
1009,82.39033601246764,0.0,47.64972906879184,0.358717052554467
1010,70.58065876130257,1.9465408361320584,36.823867899030944,0.3563857333972988
1011,96.73985707010709,0.0,50.394656802656165,0.3545867769682524
1012,81.61559267238168,0.0,34.9566276380233,0.344372921373199
1013,96.76032122025667,3.7542458998912207,50.12721855667376,0.35394303011161243
1014,72.63062038254637,1.78616866959049,36.38533713572553,0.3502818183154577
1015,72.30590628921483,4.5963583482269925,49.371167465508194,0.35348757148328
1016,82.24252220965681,0.0,39.23068360539783,0.3508214254856341
1017,63.21311637171343,0.0,48.30252717129857,0.3546758458252295
1018,83.20771826278319,3.526874521740845,36.01488594209217,0.3474134920816987
1019,81.10761445837622,0.4514071278234842,48.99026455306503,0.3368935823256208
1020,92.02596098665438,6.2310272374445805,35.43575828407683,0.34345794431892335
1021,87.01041341165097,0.0,49.80296310314558,0.347203092793707
1022,76.48519802710001,2.19990508650116,35.551834755738,0.34487560637832965
1023,69.59750939831471,1.908253153390569,48.27320495687,0.3336206455842558
1024,98.19523629082825,3.573946924650911,36.179769552962064,0.34109310801328624
1025,72.64038510755448,1.8717843773532503,51.33734256713934,0.3502160022497265
1026,70.18436748674699,2.132043524805519,37.40757787599021,0.345170687947256
1027,69.30979311083148,0.5278456848197979,49.86841182962143,0.3427637469065033
1028,92.06153243708442,2.9615976057259257,34.89033308532407,0.3522883371404202
1029,74.81099795575147,0.0,49.84348949760757,0.35846171455851517
1030,73.30366093260818,2.802351981380641,37.62039284104137,0.36494004801186763
1031,83.07519927699333,5.661003393199557,51.35062899049884,0.36126177667341897
1032,77.9305528944271,0.0,36.53295889537206,0.3690289291280979
1033,73.86427088414662,2.1507516400302924,49.01730929675903,0.3634085711968794
1034,87.9381431773096,1.327428358416039,35.68929918187316,0.358580261152022
1035,90.65315492097994,0.0,50.72191398801612,0.36074951472538813
1036,89.95457438170895,0.3379976410343131,37.02294762832934,0.35354004082852236
1037,88.48553473259726,2.7211267866175533,46.927295678801386,0.34325098564850237
1038,84.72173034642869,2.3182501170944425,36.98135465321088,0.3409347771251256
1039,62.24112000038171,0.0,50.63077760705265,0.3417284620129433
1040,96.94686791533223,0.8478661718751861,34.662641168514554,0.333889489561877
1041,83.45179702884266,1.4396830842237625,48.41637342267284,0.34342824290923896
1042,86.9138491061367,2.7742827671009147,34.85768215884601,0.3337949201019609
1043,91.20129344009442,0.1722340354013189,48.54345089322409,0.33694360953897584
1044,94.33352502881992,0.0,33.86830392523112,0.34530107434575863
1045,85.1940912379384,3.367037082821586,50.03348299133628,0.3460797789652208
1046,84.35546159295653,0.0,34.8148492078712,0.3533682701831083
1047,74.0077572254028,0.0,49.45826934287143,0.36053448756477846
1048,81.02581407514481,2.316388545857348,35.24707513144897,0.3566318690292431
1049,71.75808589558969,0.998995012444092,49.9466113791034,0.3646244447484085
1050,72.93727747080416,0.4556093074103728,34.47750275191454,0.3673311613154145
1051,71.06425597685809,0.0,49.93174315935306,0.3781079646338155
1052,79.26483312096634,2.750240103130721,36.578099829938,0.37336338908857647
1053,91.011548066418,1.73538729072631,50.80523697480631,0.3620740020391523
1054,113.46887920066285,5.863771559203482,38.94508194010845,0.36825772749201
1055,82.52531832156973,2.101073153635275,46.42569244162704,0.3591049681295303
1056,66.5158691224388,0.0,36.47389980758217,0.3649334904052525
1057,92.74455223351482,0.3157297831742445,48.50010083459825,0.3574002576322794
1058,76.99216123523973,0.0,33.10584029665573,0.3607813387740114
1059,73.39391406023007,0.0,50.826291031968346,0.3574357100814107
1060,82.09849477923055,0.0,37.991728131864825,0.36605429063558126
1061,67.74204458411593,0.4943019322606709,48.97640353125947,0.3591742081147782
1062,82.22463164008607,0.0,36.30980275035548,0.3505982900202313
1063,79.11624476800846,0.0,49.46772998676362,0.34567216407231316
1064,81.35131574148947,1.2251222444490288,36.64472480816226,0.35220553919698216
1065,84.79943926548323,3.284255744638405,50.88464872039376,0.3518091446350231
1066,81.0892141027749,1.3809717678894793,36.51083430956256,0.3419042733795687
1067,80.42907519098863,0.8856478328656758,50.0824999911986,0.3341512225110841
1068,82.84314518997945,0.0,37.88303312032992,0.324089936227493
1069,84.93022258433689,2.587387742085381,49.31685176374344,0.32445393220637314
1070,69.68517539684743,0.0,37.37802516297089,0.32465004411665727
1071,67.53233165603004,6.107480809615114,48.330844463721085,0.3191912019984193
1072,79.38361947827785,0.0,38.40405572609752,0.30817449637762306
1073,66.31480564384904,2.1405351439671145,50.67058318556772,0.3135575058448891
1074,80.87531470921671,0.0,35.38778900518528,0.30361161272334236
1075,89.48453408447415,0.3235510921701573,46.39202287637386,0.30499177925707205
1076,86.07111671916046,0.0,35.99296223032574,0.3085833990898453
1077,69.51829593174527,0.0,47.79113098385224,0.3189040369430488
1078,71.96282480237126,1.8848310731548052,36.44288021079208,0.33032576469642977
1079,83.28301295000756,0.0,51.74059833120907,0.3327887059390948
1080,75.9870219486649,0.0,36.2335179952172,0.32665172012206817
1081,76.83344704947893,0.0,49.29682617552157,0.33862987498923935
1082,85.96906481247954,0.0,36.50673641201625,0.3402240218718315
1083,70.44367693056232,1.0551462171294863,49.99232039117317,0.3321620369885345
1084,75.98765290088818,0.0,32.449132143344094,0.34095380738967956
1085,74.4136843854174,8.048363820878055,49.92525039311413,0.3407052360464215
1086,69.56870501964644,0.0,36.92384434019901,0.34811168690361066
1087,71.42921811328836,0.0,49.1748326455693,0.34152258499431004
1088,87.21161825996106,1.4566552216564954,37.46126692323323,0.3510647645212613
1089,81.49758306733509,3.2645972417029183,49.372333235133866,0.3509355879575217
1090,71.77445799450015,1.886880942836341,37.14392644974308,0.3512461040587547
1091,78.45095882891988,2.5399163494994905,52.9735027576016,0.35374362853784413
1092,63.61192692877822,0.0,35.84884161248276,0.35700811048869285
1093,73.20259684732399,1.78574974386881,46.65064684813099,0.3465198025544723
1094,102.66826943630059,3.90841362542573,35.488540719909054,0.338931164144268
1095,79.5407954536194,1.4774465009230402,46.97501008982326,0.3462450701212957
1096,89.47180210063566,7.184042767772428,36.91028504568306,0.3368233989645988
1097,79.34511624855517,0.0,51.527871558058,0.33031579445765885
1098,83.4816923524181,0.0,37.03724779859878,0.3306045614291386
1099,86.63258089679174,0.0,50.044307416127765,0.33754738409063945
1100,68.95383402473529,0.0,35.02604011973533,0.3296806234448673
1101,80.15260869230138,1.5399042168032235,51.92731971595808,0.33318534908853353
1102,96.59555119571549,2.689664171835344,37.12334262402145,0.3294175270921553
1103,73.30241164745627,4.191390493297264,49.99054943210269,0.32561194221193146
1104,74.53388066166116,0.6609306632778609,36.30071878459232,0.3158871877778411
1105,76.92308722632998,0.0,49.73128613498337,0.31861074345524365
1106,82.69024073176247,0.0,36.67175294196158,0.32369229111519177
1107,85.24917863645882,0.0,48.64385432841596,0.3161605046883344
1108,92.67411654818656,0.0,38.2813032070276,0.31141528048699024
1109,84.9949823346866,0.0,49.79235472631928,0.3184324760882329
1110,79.37946874201666,0.0,36.89350998173121,0.33011227396825793
1111,92.59167129610813,0.0,48.91349418050422,0.3193238508217992
1112,87.04111022141582,0.0,36.555806106382605,0.31921276315552166
1113,65.96058215711028,3.057924398934808,46.14121645754864,0.3189230633675021
1114,105.26368240355998,0.0,34.31597998833523,0.3209981233532762
1115,97.69921388196734,0.0,49.516725367228666,0.3187260630296214
1116,79.02379460505801,2.3531227757625106,34.009718640937464,0.31044119840504736
1117,85.13440218316293,4.517670552593934,53.22296619280611,0.308158690328993
1118,93.93951260388897,2.31975034643527,33.491306335158384,0.3058685764417444
1119,78.27799207303117,0.0,50.08269622056227,0.3087739764223577
1120,87.3035179037702,0.0,38.47708803623372,0.31518489634627406
1121,91.04578473571476,0.0,50.285775686126485,0.3257062827240446
1122,69.8517409226556,0.0,35.5280869759504,0.3359760506718207
1123,73.97668146417138,0.0,48.73562897125918,0.32452525307432956
1124,89.22598042202414,0.0396548130610847,37.00331153918143,0.3146837101723469
1125,85.76731500603935,3.863900781836872,48.36343907544454,0.3165529948595429
1126,90.00700943835693,2.563479450724882,35.81419914130933,0.31353247504376075
1127,78.99213344740376,1.0593786464697783,50.60064300558548,0.3090900844591689
1128,77.10994789045768,0.0,35.53160976615801,0.3076560108119512
1129,60.01360524416627,0.0,49.69511011229143,0.3160209850988161
1130,69.52123235227383,3.270788724494217,35.53729886719895,0.3105911372079247
1131,80.47066094658494,0.0,48.10914869174806,0.317989817845618
1132,88.24557219564237,0.0,37.77715403310568,0.312984056764568
1133,85.31178366535696,0.0,51.65344445788285,0.3042710913007902
1134,78.71758025972298,0.0,35.51837837516743,0.3000562435573713
1135,77.28228433509304,0.0,49.165480858990485,0.30726803370287586
1136,82.82441222480912,2.175386328087741,35.72657929755266,0.30232584797051837
1137,81.26743822999724,1.6177547302523758,50.37205000744704,0.29895925876265095
1138,94.64323231061434,1.9925905373907224,34.63547790816017,0.2927905007644491
1139,82.44600986056135,3.272007185929495,49.43105713867948,0.29040596598507
1140,65.18754037802702,0.0,36.38786688877619,0.29088997592230365
1141,68.84858366355596,5.247216712930422,50.52690832108923,0.2947165182462171
1142,95.1875933696358,0.0,31.82217239370033,0.2968937035217013
1143,68.56702773568925,0.9287745006334848,50.16894991136113,0.29093730908011883
1144,89.33149180118619,5.621724236169546,36.51219844890109,0.29135756345553093
1145,78.7822512911112,4.886595477349998,51.07543745205781,0.2806265222513391
1146,79.57445658906619,4.240131760303458,35.204032283191424,0.27912148522371105
1147,78.6586721723158,0.0,48.78631528910476,0.27089432924026313
1148,92.21384959459198,0.0,37.79720318602702,0.26272786661973785
1149,78.07158171456035,0.0,47.21911003778455,0.27079837969463083
1150,79.66680717154847,0.0,38.43706374309456,0.2804436952584093
1151,64.69196502600508,0.0,53.3976867858501,0.28947955856444
1152,82.06690511708004,0.0,36.70960583307979,0.2951425588675471
1153,85.31042506978059,0.0,50.78499280737328,0.3000870598920064
1154,82.39145580653788,0.0,33.75905574537345,0.29728973424218647
1155,93.97896261086736,0.0,48.522005416962,0.30038063768888484
1156,80.6349678051839,0.2775141912719209,37.58022212678062,0.311894389951365
1157,82.98977456119017,0.0,50.106568117481714,0.3155830480243031
1158,97.13139685201251,2.1545224977690505,35.72128711148231,0.32676911725524926
1159,65.35168356265547,2.8394181874564883,49.91314879551768,0.32060323243927136
1160,75.44174652200631,0.0,36.75389303250287,0.326980011269477
1161,94.2704492842445,0.0295392135061268,49.12420154537781,0.32794517233009207
1162,90.72782055170651,4.555096895318971,35.950009388557355,0.33513451997528726
1163,87.50471653298725,2.403051815275141,49.50938403480996,0.3318708581787789
1164,89.78164225859467,4.850449546499656,34.415009833906055,0.3222573163331574
1165,83.96452466967379,2.312875261545212,50.04923703894701,0.3240766786310694
1166,97.24425188002321,3.094258682335001,38.6988071779421,0.32849810757073
1167,83.77759169730717,0.0,52.16178829228765,0.3183694217184124
1168,82.39867105895279,0.0,33.77882936224483,0.32563413099751126
1169,81.58958674125643,0.0,50.41979192682346,0.3219861925274068
1170,82.00412799017427,0.2516281155680118,37.00668397738112,0.3170387007592961
1171,68.91907543309027,1.6308274708298307,48.9480794027729,0.3259959486717057
1172,87.91828604623444,0.7051850053366986,34.54712825395387,0.3176246875009175
1173,78.69560266216672,0.0,47.58262362575089,0.3082284024282192
1174,98.21915097860406,0.0,35.32637263774742,0.308754163073331
1175,79.24349529411577,0.0,50.08885880191918,0.3011555999491741
1176,84.49017277103094,0.9366330975812176,35.75634104237158,0.30303767575126844
1177,82.46602186261335,0.0,48.647445464613625,0.3062643469800878
1178,73.98720739513786,0.8092591541013108,34.11969335899612,0.31116413184584046
1179,89.92136828518505,0.0,50.08991948459081,0.3174615525864824
1180,99.13954422690703,0.2963594043561943,37.59324197647665,0.3182486615865702
1181,79.85222780340155,0.0,48.17346213895662,0.3235792408045978
1182,77.63722645913103,2.1400477166174787,36.66607175224555,0.3241111771565064
1183,77.14410555166948,2.3146428740774363,46.74463223114276,0.3287709789356565
1184,61.57653308789188,1.6671734035509989,35.007229142610605,0.3246677044879484
1185,79.06966351335939,2.825983167965064,50.658251276282,0.3127028164763198
1186,83.23922175565014,2.4308019852229625,34.31677749193803,0.30163133086016813
1187,90.54757925180283,0.0,48.65719000978972,0.309655441325267
1188,89.60047741149928,0.0,38.12037854867752,0.3160293889999468
1189,76.47805157471723,2.1434746636138216,48.464579126629545,0.314804997314098
1190,77.52143929235073,0.9655641336320906,34.71251107717857,0.32609103274069035
1191,91.23905305614439,0.0,50.42761763990437,0.32877932265878584
1192,78.2653610292712,0.0,38.92552865075541,0.3383452993513719
1193,74.89970460244383,0.0,49.204340176067184,0.3424413221668933
1194,93.92518449434272,0.0,37.146532096500366,0.33383257406667693
1195,90.37585667050634,0.0,51.58249886718088,0.3345544160294813
1196,80.77749165009594,1.965245774511184,36.48175655034332,0.323419179912073
1197,74.06222552221332,0.0,49.15896824523077,0.33325131908047345
1198,61.272800214067395,4.638678021714956,34.67893819808424,0.33709876964507884
1199,86.2810720830609,1.280120091045574,47.426028655626766,0.3465938194788757
1200,71.0363027744782,0.0,37.660980923678174,0.33733550765368553
1201,60.7523437241128,1.2655460517343935,49.83528081562119,0.33368891117253197
1202,95.84820527349018,0.0,37.99262971965687,0.34209596741709203
1203,87.78107911700387,4.33800402301662,51.04723307153292,0.35250670883243485
1204,69.55530694811557,3.151296264284083,35.06797252598104,0.3429919553479969
1205,68.0778968527151,0.7397022743589879,47.78351504715783,0.3310751005595658
1206,90.44952771252572,5.799699636031745,36.61243268042784,0.3241818821991951
1207,71.2202938346413,0.0,48.61508477049654,0.32934049614694616
1208,93.6900356197948,2.4284564817198984,36.558462017523546,0.32526640389046557
1209,87.2483148457581,3.612405731655163,48.46711719051625,0.3240353523611874
1210,85.81296841246396,1.4900106893190748,34.70159042622655,0.3330169657325628
1211,84.046954556143,0.0,49.35235888269729,0.33017644123036655
1212,81.91450872023911,0.0,37.39457923663444,0.320613561827586
1213,89.7817929465083,3.2556031824573344,50.02365493997873,0.33024528010893744
1214,75.45919637484394,0.0,37.76099102903014,0.32723088513318316
1215,80.85951973434385,0.0,47.71350254242552,0.33920949649025595
1216,88.40723126368766,2.959217956385671,34.40781259372402,0.3301065091844845
1217,86.52005148899005,2.96718101042922,49.43009954826789,0.33019648169277116
1218,68.05013194731339,0.0,39.24198038096207,0.33189712019584183
1219,74.99590332695736,0.0,50.57527426735192,0.3372182085943434
1220,82.52803505419155,0.0,34.39350919295537,0.34128959631771344
1221,76.53994405490877,2.066970484359149,49.4496344175718,0.33192775290280063
1222,98.71814535970783,3.2385324999149896,36.32450049222435,0.32695715020099086
1223,76.52062493432966,1.5071896062359724,48.71081647866685,0.326266309591489
1224,78.37781552423309,0.0,36.91334079260722,0.31850219141093217
1225,87.69430178177304,0.0,49.32917588976115,0.3251568521950625
1226,84.55296722523265,4.158799309611612,35.54443222870796,0.32746994609691854
1227,78.54725542795231,0.0,51.45423027779708,0.3306311630626504
1228,73.13690431909534,2.339465359676033,33.42893695278204,0.3260560031407189
1229,83.01514057396766,0.0,48.12113708433132,0.32294652954010966
1230,90.83164610210082,1.4689389943896418,34.7674648338613,0.33167223136879925
1231,84.81349607612098,0.0751461171290193,48.29232349201031,0.32720508063980547
1232,73.14652757187557,3.094542621455986,34.900298738085404,0.33221683734701
1233,97.84537836585477,1.5920959869588505,50.2965590338446,0.3342111512981003
1234,65.59763005784386,0.2113631940093198,37.63822754863799,0.3457695487153559
1235,66.21145844868245,6.794382889034466,50.93790698799219,0.33709811731443523
1236,90.73133908750616,3.7525561431129058,34.46408511622895,0.33073044315221234
1237,82.50282346470534,0.8147289289281582,49.40271824915355,0.3411227759033262
1238,75.20295800875826,2.3264782393288885,36.6718261262347,0.33405347988654915
1239,69.11972580109493,0.3514435888273999,49.92384952543652,0.3347715600612542
1240,103.20799839280298,0.0,37.95204940528632,0.32721772031031326
1241,81.17090872155443,0.0,48.55084374369235,0.32520145498091035
1242,87.20020808757788,6.193987930400539,36.2279074376737,0.33641748597073734
1243,83.17885097238181,0.0,48.97399902464923,0.32922012459835237
1244,84.87826180803256,1.76727410240325,36.37004083465675,0.3197430966758538
1245,86.53926106376662,3.7943881950618734,47.94549972797382,0.3313961059731869
1246,87.32424009754877,0.0,34.60002172458611,0.3213290400534163
1247,76.24777599239327,0.0,48.46867880732563,0.33169337071143556
1248,77.55081808809308,1.5574598387050602,35.147924339289894,0.33556075815414554
1249,63.065088350825796,1.5843881147160594,51.88572999545751,0.3432299777232661
1250,72.2268527065181,0.0996559051116562,37.75653117746561,0.3413565158379026
1251,82.71112796446715,0.0,49.244870590937445,0.33054015446112767
1252,91.61041626572035,3.867275035644809,36.25282824733672,0.33389800163067157
1253,86.67685736652746,2.288207009218718,47.17219106984277,0.3372668247415108
1254,76.75680094753336,0.5457479543755471,35.72448978619527,0.32701315048577245
1255,68.09257707239344,2.4143539774832785,49.80326716697595,0.3221496279172376
1256,52.22640854572567,0.0,37.7119546261243,0.3175481446735489
1257,91.5744469534175,0.1903573520317248,50.05405217652081,0.32463264121739216
1258,74.1077101348985,0.0,36.64276339418579,0.3271434713262298
1259,75.51534993795941,0.0,50.010489431634056,0.31778115415551933
1260,81.80609708548576,1.634524688016909,36.39693009053066,0.30684452829632813
1261,65.9443995260811,0.0,47.4687063331059,0.3038468581153574
1262,77.77675628806848,4.248593630612824,35.368291803512015,0.303432843799663
1263,100.23471949769974,0.0,51.71617529482067,0.3091600477374673
1264,85.65378910295941,1.999732390619928,37.22927296993633,0.29989029271366974
1265,83.59249156513457,0.0,50.30519684560607,0.2930876111883365
1266,64.91524254682815,2.46729108881914,36.09350126985856,0.30044827236015653
1267,103.71150816050239,4.251630715586634,50.55300719062686,0.2909590632889609
1268,65.77205091373658,0.0,34.576094192593246,0.2803974694838408
1269,99.77947023604072,1.854075605322448,47.19375575398772,0.2854874248246625
1270,58.849439848121925,0.0,35.420298477670016,0.27423614371731747
1271,94.05365438724421,0.0,50.37072968359403,0.2805281608215898
1272,96.41415679962103,0.7787136987292542,36.155173129425386,0.2745488480961522
1273,71.75590878672165,0.0,51.08478311527578,0.2746651562733414
1274,84.22580372272883,0.0,36.520604080863166,0.28633451706868324
1275,86.82194226778103,4.490455155781252,49.63110839132988,0.2783004021640569
1276,72.66785584862465,2.6860022697923425,37.98465573704592,0.28213079815854575
1277,66.43977751818063,3.103178751833103,51.26240876469456,0.2792120384953831
1278,68.29015478995133,4.891094071196616,35.846291354193305,0.28400906354713745
1279,85.41008219959808,0.0,47.90927030548424,0.28838991541712583
1280,80.05040716514324,3.005210634457667,34.6323860676392,0.28016580627252285
1281,74.3569896669784,0.0,49.32166838958213,0.27932034848944187
1282,90.7910889603898,3.7446961624173287,35.44321123054379,0.28459730764776847
1283,85.08067909391478,0.0,52.050488591829335,0.2903981187591588
1284,72.44537273634367,0.0,33.47322708260552,0.2807731513603181
1285,69.56125264553296,5.244226119022841,49.46745841667454,0.2718547141348245
1286,85.78064150825115,1.8267470712346028,34.394088574925114,0.2732853840978453
1287,74.92046863637503,0.9876744065188244,49.73904790037794,0.2728644553437971
1288,80.99204862531502,0.0,36.56682555536048,0.2804329180809001
1289,95.76298972627717,0.0,48.9564996353875,0.28579072427985247
1290,85.0232824007478,0.0,36.78915042654474,0.2883010377281272
1291,71.37733000246763,0.0,49.26590468624892,0.28687964831232626
1292,82.22059772074157,2.046619408479481,35.72433488688821,0.29749089665107403
1293,72.00475717537508,5.104022345096498,48.93701200888,0.30033878874695946
1294,96.08522155948724,0.0,36.96966473911984,0.3114555510738908
1295,74.54566767322925,0.538183897538201,49.77159729256773,0.3091516170941888
1296,82.80296813182593,2.434202206965832,38.35328775069665,0.3209803097120947
1297,83.07732574679432,0.0,51.46888241224494,0.3323759097613166
1298,82.33295922487233,2.468181803784354,36.824090217378334,0.33552606384363687
1299,60.414510448634616,0.0,46.32468262785829,0.3304237033800387
1300,67.60678980129272,6.903334803753353,33.76693583796151,0.324480444908457
1301,75.78165056575494,1.017177738152851,51.0432209561931,0.3262047485360342
1302,83.19431833331531,0.0,35.27997046673488,0.31581662278484596
1303,78.6222078571423,0.0,49.9161107335258,0.3088161379267617
1304,70.42852526848984,0.0,35.04771520602288,0.3087711589001729
1305,67.18229559756237,2.221795962597937,50.34067504278273,0.31755126740318823
1306,78.1354921054224,7.170225168052792,37.43041322216423,0.3149872045125277
1307,75.31523955320277,0.0,47.749403487629934,0.3202947428029278
1308,85.12836457592756,0.0,34.77307116779116,0.3287117884543874
1309,76.73681537841682,0.0,47.0682524770108,0.3376626610732365
1310,86.0270765642933,0.0,36.34353927376562,0.33850351446260063
1311,74.13438988752857,0.2696252824420543,47.06592446576363,0.3330425690947863
1312,77.44042330785732,0.0,35.44430576367451,0.33730908008169874
1313,76.82033641598295,1.0026673746971384,50.34326181680756,0.33831596029505817
1314,72.80099877563002,2.082228148836398,39.080567708034906,0.329795908947476
1315,86.2511865643373,0.0,50.11647261043954,0.33921016226442374
1316,71.86404002905493,0.0,37.87275541898485,0.34532728076089564
1317,74.78358490029382,0.0,49.95258336084801,0.3370196102270296
1318,79.26880354051802,0.0,36.45729342009999,0.3389842746596689
1319,67.0262034404326,0.0,49.24746075034857,0.3476799064164367
1320,76.75065041679501,0.0,35.41852310666702,0.3402501101449251
1321,72.88693640257212,0.0,51.32541232432241,0.34148435218656503
1322,76.1184580751775,0.0,36.55543983525992,0.34125007584094014
1323,79.4007199732891,0.0,50.06828961433519,0.35077099752353674
1324,72.00086376859335,0.0,35.081165415375864,0.3517962566990739
1325,78.15440283118853,1.1838687646403063,49.0462824998657,0.35370185094289475
1326,93.8875000406911,2.669375057231031,39.09466403049105,0.3456994453006832
1327,81.44817815240106,5.687212449819764,49.46259235136595,0.33917551159470405
1328,91.76833289792826,1.0523705591200376,37.98268039541046,0.33905892781428576
1329,83.46494442006761,0.0,48.78346753000724,0.3311000498777596
1330,87.74160609818816,0.0,37.19574456334489,0.3348204441231965
1331,72.25541031229174,0.0,49.99853849527678,0.3425992526470757
1332,81.97379122846651,3.0823985920379267,35.387858648007764,0.3394686757041006
1333,81.33912922615475,0.0,50.536689444825086,0.34612679996175477
1334,73.87374261125065,0.0,33.67826244268375,0.35785568677315494
1335,71.77171675705718,0.0,50.42577724039011,0.3645319693956719
1336,66.24510455909169,3.825861460548931,37.17378313888993,0.36409523159494933
1337,95.51086828875306,1.83157306412248,49.9734548791774,0.3727610835236968
1338,70.27597110647503,0.0,37.959813850778254,0.3692952478303574
1339,94.03211314401878,1.8996747059859191,49.46169441496801,0.37222196376614497
1340,77.05581016409505,5.7691396689119365,35.76971952904573,0.36144847246148204
1341,71.37506700275266,0.0,50.09640439067036,0.35516641396887844
1342,87.25417176051144,3.429934524871544,37.294987685102726,0.3484832675914457
1343,74.24184422927159,1.845878822467225,50.41860586868709,0.3417867843843714
1344,86.80586228382097,3.737576981927348,35.65350869402857,0.33690513903073877
1345,76.80397172464843,0.4402979105684241,48.07100332924039,0.3393438324668644
1346,84.80424496117787,0.0,36.98864718994194,0.3478739197600481
1347,70.31813936092895,0.0,48.37948818559865,0.3470242040090119
1348,88.31351057984769,0.0,34.76601525408206,0.347530203192702
1349,84.87972682663005,0.0,48.58188033294432,0.35803710338946965
1350,70.80349309937338,0.0,36.07999151615794,0.35980633845991145
1351,108.53764049208895,7.027610939805146,48.3694004005726,0.3660216213771945
1352,85.40123026400494,0.0,34.28989625084492,0.35479984682183463
1353,102.90467070530539,0.0,48.57558218032168,0.3448792497943398
1354,96.12016597512816,0.3916259588019105,35.71843059033111,0.33673068265351247
1355,79.73450309319257,5.409502984568031,50.245271799225975,0.3449250165052474
1356,76.47635504611014,1.9969086405186207,36.09432867216808,0.3467608404198407
1357,77.2190170679503,4.178696340527732,47.94315195413505,0.34882364555134227
1358,61.85415640423922,0.5148063617244031,36.33642150337905,0.3568309664279261
1359,73.0706011973007,0.0965079693205765,50.04797837910236,0.3646622487745511
1360,82.65895641641445,0.6376539220491813,35.31098352040064,0.3680709733231251
1361,96.36563646981286,3.6868695365492634,48.36947600876642,0.3794289892922532
1362,72.27228117021798,0.0,34.798483074928896,0.3902093793357885
1363,88.82056599363011,0.0,48.76612662174003,0.3873839114240629
1364,68.31274595327228,2.795597894351596,39.314791360676274,0.380806549777015
1365,75.3972564550806,4.201522357306397,48.230236483822544,0.37464400550640903
1366,75.42359405710474,0.0,36.39242705679079,0.38063530889760394
1367,83.71811081497493,0.0,48.49269120244898,0.3749957794277429
1368,85.0208948925228,1.492661417715614,35.23445363234448,0.3644345577151843
1369,90.16780156012729,1.81461370661279,48.50464043791376,0.356284066941812
1370,88.7786747265615,3.5676837417071154,37.195231884882325,0.3577250564024923
1371,83.73578691315343,4.347015863761737,50.13250683982332,0.3561195239670075
1372,83.90364943508622,0.0,35.79941260431126,0.3679045388633362
1373,96.88562739253157,3.3344016051874648,50.31824751698301,0.35926508865325424
1374,74.89073818767737,0.0,37.10862684893323,0.34743172980217857
1375,88.70103784776393,3.1791821903076904,48.287772527406105,0.3514992860723853
1376,61.918560735017486,0.0,36.81430692579701,0.3415213159131721
1377,84.5169309921885,1.3452952107080904,48.48739757037594,0.34828314806251603
1378,75.8762435682392,2.362463310100923,37.25033114681275,0.3414752807552943
1379,80.82377386505611,2.660206802470072,50.67414281608819,0.3381187651267632
1380,90.7411336234025,1.1342372428849048,36.59898288206763,0.3485469953892914
1381,81.94266459188435,0.9874216554012728,49.24895558517231,0.34245229706325553
1382,88.85187541208927,0.0,35.204264411340816,0.33341447201085045
1383,95.14505387795614,1.3580190885736392,49.16840204899872,0.33302818704882986
1384,83.8909396886572,0.0,37.14716045210276,0.3268573803493348
1385,91.71041064620488,0.0,48.54034852850684,0.3186230129179323
1386,77.10216794211335,1.225925729684785,36.06793516597798,0.31455604633644074
1387,81.34832579522663,4.768082059742543,46.94240134302571,0.3143808225413848
1388,75.66470554488929,2.969665696246909,36.383990293808914,0.3025313308023508
1389,90.42977594646376,0.0,48.01055247087694,0.2921312739187653
1390,84.14091353793594,0.0,34.016223208269885,0.2843937970214858
1391,74.92765538105077,0.0,50.34191741991933,0.2740906786727281
1392,81.59700931886651,0.1677366080106389,36.30893460122318,0.2654438096789516
1393,90.41568388818581,0.0,48.898778862536346,0.2713264580372289
1394,79.60732008962047,0.0,35.5402847923685,0.27155898500781245
1395,70.51067189150237,0.0,52.97039574819341,0.26691394793537626
1396,81.31911755787412,0.0,35.702211866488014,0.2652662683606093
1397,60.194344089310604,0.0,49.262021054591976,0.2670069363646588
1398,87.68770644399476,0.0,36.97188622475458,0.27280831460311883
1399,77.13290048664516,4.48725453297321,49.69466360291089,0.2840431118130329
1400,75.47871948399435,0.5727561559514192,37.474570980658825,0.2959430465944549
1401,88.75695678779506,0.0,49.98001829983158,0.285170898669352
1402,66.34837122774832,0.0,37.13506201983004,0.29027364377583403
1403,99.58848033927232,0.3916463702291641,50.228840716485614,0.2795806022462933
1404,75.19757958261776,0.0,36.96138395325793,0.27594717262412943
1405,76.89167782989372,7.080624212475571,49.49986564223909,0.280440708332866
1406,90.44557991278238,0.7777749370358312,36.32721997192612,0.27562391726907726
1407,87.31818317155827,0.7707681348466913,49.15729185720748,0.2821635882577234
1408,105.21500665583501,2.342364883614188,36.899682567101976,0.28825602788585336
1409,78.39344860640533,1.685028142401744,47.54478707016034,0.2928404955202464
1410,80.09000204894868,4.313561451975923,37.08263274085455,0.2854023023514559
1411,66.7376300132154,5.102632709493093,51.06088312234167,0.2829766489582509
1412,76.67897722651175,0.0,37.10607097289454,0.28745553084948033
1413,72.78568704428244,0.0,49.40769851773344,0.2982348277822123
1414,75.512329868945,0.0,36.75127212268291,0.3006438856904741
1415,64.54034810555461,6.607418903647231,48.398977095092725,0.2928125169287145
1416,96.60607559894514,0.0,37.24908162687403,0.2854998670279849
1417,67.18856655014278,4.515337914663913,47.91502216112081,0.2760152712629777
1418,51.97797201608287,0.0,36.88402498789676,0.2730653175217589
1419,69.28296123984956,3.890684852265831,50.362831188928446,0.2846675698708524
1420,75.11964517232903,3.8601356676351513,36.603520060418006,0.29211599125969134
1421,68.71476230124547,0.701009779388821,48.89321963063747,0.28524398940768697
1422,90.98303540732512,0.0,37.13367765547378,0.2883529364962381
1423,79.65689101981803,3.4509426859299404,46.8079478031629,0.2866811907837324
1424,80.25385604406459,0.0,37.159261024574405,0.28712077608847436
1425,87.50957183448439,4.685513971434206,49.85100196130773,0.28562494590611726
1426,82.86012526978118,0.0,37.569866314835245,0.2965661502172033
1427,91.0340380985933,4.16121708044291,49.86391857438319,0.2847663943975161
1428,68.90522446363855,0.0,38.75071352616203,0.2815256423546872
1429,74.52481899320568,0.0,48.15111609683614,0.29067428030086423
1430,87.29360293134675,2.1131049021712505,36.90753928377482,0.27868078739282803
1431,54.67221086598235,0.0591849560821893,48.23483836327478,0.2829786851238571
1432,66.82536202140766,1.9240227152668687,35.80384903534113,0.2712067291339599
1433,87.52046038895459,8.368460223850423,50.67740397847237,0.2767533356646652
1434,75.19750965005075,0.0,36.93157379533822,0.2772414239080912
1435,89.36107550109698,0.0,52.68315311754488,0.2688623405738324
1436,88.21520559325765,0.4113420824200824,35.46631820597722,0.26592129644683044
1437,68.01907119808962,0.0,51.49284711322763,0.2571194599893882
1438,84.06657087466881,0.0,35.611978025327176,0.2628546546271734
1439,92.01697855667507,0.0,48.51249496458132,0.2576602822717189
1440,82.14034232583555,2.2199943644194384,33.55899796389693,0.2501265984801783
1441,70.22535122754131,0.0,49.80785103586159,0.23872706298842505
1442,88.7938994191337,0.0,35.21146989759827,0.24728372756961461
1443,86.79140926419645,1.4572133288549471,50.835121151751714,0.24674884463990682
1444,85.42610783498796,0.0,35.200827173620816,0.24126588043490496
1445,87.98574843444425,2.754531666914455,48.848942760635445,0.2411134833731721
1446,51.7917596071926,5.79296069822931,36.52541122066887,0.23208705935559362
1447,89.06590055310681,0.8550831409903374,52.14566879421745,0.2205425859614937
1448,98.48277449722265,1.3381879714429772,34.36045348461824,0.22782340096417186
1449,84.36638474629294,0.0,51.09026430410636,0.2287013026226782
1450,82.18332148402098,0.8534383967456853,37.30458625571552,0.22055499329579667
1451,87.39868030062348,1.4476452223636047,49.23242614145571,0.21971544347629723
1452,83.38225473685115,0.0,37.00655273354997,0.21158424625650357
1453,86.51781261700616,0.0,49.13743045751715,0.2091497668893013
1454,80.01471000245411,0.0,39.55051098706034,0.20381348227943033
1455,72.52364776857125,0.6356543798008529,49.39570215937575,0.20821782945765271
1456,69.95677287785387,0.0,36.114049446351466,0.207596430357891
1457,70.19212783258779,0.5801503830214315,49.07515768328212,0.2
1458,66.26957449049105,0.0,33.45324723475516,0.2
1459,70.31026778637661,3.2922929885589483,49.16911502719108,0.20509913307164546
1460,97.61266127419863,0.0,36.34148376333083,0.2
1461,87.54095663656243,0.0,51.81522902949346,0.2
1462,75.21748597171793,4.892532928548812,36.73136399771732,0.2
1463,77.95810627378596,6.206777378803483,49.27977181540932,0.20990348594396022
1464,81.81987311678765,2.314326025743699,36.083343095143896,0.2064267284667127
1465,73.86166759990054,1.3903929824804178,50.05485564662081,0.20584315917605284
1466,80.67516857174324,0.0,35.424979218154064,0.20261386576931403
1467,88.17628727772768,1.3341529956618683,50.587200622212656,0.2
1468,79.64257266451827,0.0,38.43106054315249,0.21092419571538243
1469,83.36015742661992,0.0,49.01912198926506,0.21774342532630325
1470,89.39066095657405,1.752485209926293,37.80472370479801,0.20808325532105598
1471,77.27868243981791,0.0,50.878334553355344,0.2129689840855529
1472,84.48633501130256,5.461430066529712,36.79929559760326,0.21159109828343792
1473,76.90622407116639,0.0,49.731733524843655,0.20540214965494769
1474,80.20749935384829,1.6426268406415276,36.50010411249653,0.2137184101618677
1475,76.7526973491704,0.0,49.23775533620065,0.22329754732773222
1476,74.71130146443885,0.0,38.74873106161236,0.23159675470989163
1477,82.11314990615595,1.2534379209524051,48.48624036337517,0.2427413056563445
1478,85.66545315818212,0.0,37.69584534745137,0.24897618266625912
1479,81.46304446001044,0.0,51.88842767890679,0.25022740742835203
1480,84.98726958311931,0.0,35.50872680678842,0.2415442546469327
1481,73.79556419579164,3.916273327346477,51.31261553594652,0.2444314100224891
1482,68.87327616452794,3.0354269550857715,36.20940032536898,0.232684168011331
1483,85.16596316841635,3.318427129134382,49.65738477996162,0.2328361308482221
1484,87.81375378917217,3.116466258082084,35.88158276676828,0.24369077036049475
1485,81.86638077890807,4.55936037636613,47.14324844619473,0.24881275486916793
1486,94.2110182259255,2.4355347389277164,36.81531424340002,0.2489899308966189
1487,89.076987979879,0.0,51.72917274353598,0.2418341350257064
1488,107.38439272716703,1.9289477315900747,34.93634767208556,0.24508499926562086
1489,78.39769799344981,1.3526104446881866,50.83485308412692,0.2486008006658307
1490,70.01151203904632,0.0,35.865620217581885,0.2484817199348913
1491,72.59863209260486,0.0,47.92481118454224,0.246619946201505
1492,74.34502193625343,0.0,37.49026325460214,0.2354027801472203
1493,84.76031383438115,0.0,52.09290034395273,0.24696010259982581
1494,59.206729643504154,2.624717610389069,34.80204976771805,0.24100948336703706
1495,93.8335024530825,2.159974240580467,49.88754764030767,0.23148628706031638
1496,77.60703408857655,0.0,33.83382474450344,0.22380284959233715
1497,78.08069659284398,1.8287739024383072,49.50083411915151,0.22433595304445345
1498,69.20656833975005,0.0,36.72252791028736,0.2164055002634357
1499,78.8577444854982,0.0,52.19320950577355,0.20798959024883207
1500,80.13239767667534,0.0,38.32978888021165,0.2059158323000876
1501,79.45285957971159,2.2410295190478524,52.02759260935319,0.2088047641547173
1502,83.3905925594243,0.0,35.2027903932144,0.20355961976018558
1503,74.60913926198597,1.68486560498757,49.19609749425984,0.20377967841527034
1504,71.3076600807332,0.8860589494715629,33.496970168639564,0.2016519528734985
1505,85.92206592705693,1.4626154069238095,48.49111183437989,0.2087723697499076
1506,81.583067577694,1.987976798453447,33.81568450325481,0.2
1507,81.97181055197368,0.0,50.11215044196423,0.20613608690968757
1508,91.38328624382163,2.6433789980065465,34.9479432988356,0.2073186550488142
1509,71.17326902068841,4.663043110984199,47.9117116922859,0.20011289397671103
1510,71.44759542749136,0.0,35.46030665217145,0.2
1511,92.57219650828995,0.0,47.786529663114194,0.20281481587283864
1512,65.76318438722033,1.9733932098691749,36.45695353570392,0.2
1513,66.92576231468358,0.0662792599791035,49.99051633804351,0.20731289397955976
1514,88.61243263569892,1.446047746163217,35.51985942093586,0.20992812176739728
1515,82.38200192022039,0.0,48.46783187638823,0.2144617670718436
1516,81.05232137059276,0.0,33.984266243754114,0.2172430214753666
1517,79.13446937444564,0.1702115181649451,50.39688000488042,0.226917318560349
1518,80.31267547027569,0.0,36.33650941592562,0.2159287250326598
1519,79.07887885308044,0.0,50.26031829319203,0.21762170963222233
1520,93.55442702594418,0.0,35.53377523459349,0.22300555051286985
1521,76.01851871249924,0.0,49.23695983863626,0.21781509800674317
1522,79.00165932638492,2.051315630542363,38.15642702918692,0.2170165888666429
1523,98.4283806413323,1.6129752969385276,48.66296779875996,0.2083559953975932
1524,80.27509702029836,0.0,35.52446227218534,0.2065068681261498
1525,102.51243952847597,0.6409187774139359,50.679683221306085,0.2
1526,78.95020298981046,0.0,36.44779525085591,0.2080776677804093
1527,94.01036872840052,1.120729679329792,46.49391178640861,0.201680668223084
1528,64.5193117542481,3.5758404578162493,33.46159821097496,0.2002482891852824
1529,82.27547851887483,2.463446369060588,48.57259819709322,0.2
1530,64.15526436849065,0.0,37.35887780269052,0.20850054390453232
1531,88.52821909506547,0.2789200967319963,50.57135471353239,0.2117312841108208
1532,68.21682069342577,1.1516628517200718,36.772713347147445,0.21308854075939793
1533,83.24753089915437,1.3661178510696717,50.505461241512094,0.202192013647878
1534,77.17804123309566,0.0,34.54001117408868,0.2
1535,68.89430357930327,1.5877847704785235,50.46541573688419,0.2
1536,64.09372956551262,0.957764648293466,34.61150276093865,0.20664057686302356
1537,74.8895953641989,0.0,50.98479389966652,0.2
1538,97.7315427309025,1.0841609064972857,35.22758060470136,0.206692111411985
1539,77.06514945110622,0.0,49.98628421416838,0.2145168559499032
1540,89.17221542115855,0.0,33.18168070044394,0.2144184049308493
1541,79.42957132337811,0.0,47.54051172870028,0.22505781242895773
1542,88.76726773690453,0.0,37.62944446285383,0.22744112845025796
1543,61.73088621695482,0.0,50.60146090228873,0.2391139710957781
1544,77.30083070038644,4.442379229605916,34.166523146041264,0.24529358889724986
1545,89.49405523793219,0.0,51.49223268062936,0.23442691422268916
1546,79.06990311693974,2.3415086842384305,34.35725166279525,0.2294580527804779
1547,79.55575453645835,1.401024545229402,49.59378675286486,0.23992856003467047
1548,77.0662064386859,4.569418525146086,35.27327737322324,0.24063973818892148
1549,93.2949700593288,6.003920752191853,48.17872230207668,0.23315230136592544
1550,82.97514353954946,0.0,37.74533914833033,0.23977248871917314
1551,80.72521582013566,0.949976861273937,52.09131734044476,0.2493494524348058
1552,86.4889996042747,0.1948471696059183,36.26083963166895,0.23912267048923266
1553,85.88224929117936,0.0,51.85284347230236,0.2311566779907816
1554,82.12587046437537,0.0,35.571605726238374,0.23501506429983388
1555,97.9618732197724,8.305194166213168,49.72630799458189,0.24177596199951418
1556,79.77842813018992,1.271011555270398,36.1906621906144,0.23596206803649483
1557,82.78081047967945,0.0,47.82878176407278,0.24031874643620882
1558,74.13990881040465,1.8981144797784817,36.742613644716265,0.23775203602253187
1559,82.44975583357004,3.16201187836246,50.62838480725191,0.24816736009212095
1560,96.51516622252788,2.1251699502473107,35.73321785406048,0.2536060741716162
1561,73.56742398211262,0.0,47.02621834483909,0.24867504556074937
1562,68.90239805274435,0.7944210304297674,36.54498654757908,0.24588321180246972
1563,89.96759642819816,0.0,47.29132482578294,0.2434153088504872
1564,78.5123384776632,0.0,34.77652355556881,0.2509798439472666
1565,80.9600420496977,0.0,49.76097703568384,0.26154584063628705
1566,79.54886696306666,0.0,34.838934609536835,0.26339230669250024
1567,81.09038308740084,0.997219493684976,49.94436007282612,0.26320240868230643
1568,89.49644737398367,3.30380179583096,35.654112923677744,0.2725010352400366
1569,71.60875809400727,0.0,47.11810033089678,0.27415775860783265
1570,70.49731925718245,2.0502003274577887,36.24538564764024,0.2642398100360631
1571,82.54542814040865,5.652489233438577,50.443714617438175,0.265800259897223
1572,63.93560310550167,0.0,37.51202867024029,0.2599626588898435
1573,66.83847414618134,1.896698355335393,49.01399298485794,0.26415862764789433
1574,99.7942989577195,3.758224914677424,35.90120278791966,0.2742338509050812
1575,87.73821868425115,0.5451179454570461,47.32118209299866,0.2669269516581745
1576,80.26251983897447,1.2102818588820776,38.94076241403141,0.26342482895029884
1577,92.82582038282032,1.4858367441197606,51.82135738103289,0.2642732020318955
1578,69.59400769914855,0.0,35.94567727960214,0.2679401437230947
1579,77.97977593799878,3.7860239061912297,49.37658243804093,0.26541288949425185
1580,86.23453609424382,0.0,31.598094039470503,0.27561364057905313
1581,88.90671681431395,0.0,51.11673894137749,0.2675967012385835
1582,85.24973870609368,0.4019007927196976,36.8377200777584,0.26514504091905733
1583,55.43448096124472,2.822896793756529,50.78306290275366,0.26946730894937393
1584,70.31917882335422,0.0,35.385556073073325,0.2760755586552748
1585,85.61123167608591,2.801835841724186,48.85970185941331,0.2810848613234777
1586,76.44048506953193,0.0,34.14030033729197,0.2798401082014733
1587,106.31236397744901,3.0334925661909597,50.73085969228586,0.2908511907540905
1588,91.2148315724588,6.49749520929279,37.87165912407016,0.29238240577504543
1589,86.43433249662763,2.8450456348032698,51.24966941215293,0.2905868947173657
1590,69.131874367325,1.004566349307484,36.274314670035,0.2975415641649649
1591,79.96277106616532,1.0524615406482474,49.07386754375707,0.2925821072426568
1592,82.99150325080193,1.9315453620413288,34.41547267097331,0.2899565353023165
1593,91.82484177538157,1.8233515803451572,48.51121931756208,0.29827316291097433
1594,88.81131097099632,0.0,36.694754016475,0.3039719632365562
1595,90.55287186571631,0.7432664017228557,49.13701503390705,0.3141248262372043
1596,71.26388365364272,1.676679372475797,38.45553458312575,0.31363712708057667
1597,94.12151698298631,0.0,51.29237914324485,0.3038726079721954
1598,66.1956924769273,0.0,35.090714607848234,0.3143070056569981
1599,74.64085438333838,0.0,47.74035200050586,0.32099324595089845
1600,84.30771134945641,0.0,35.17080079186572,0.3137493243939199
1601,78.50108408266861,0.0,51.161919516663104,0.30271820767322777
1602,69.93963142079609,0.0,35.207544693839885,0.3112332649796934
1603,73.15810712160962,4.57868459213648,50.38282707475811,0.3204249576891139
1604,64.51745677150957,0.0,35.144608127181705,0.32701307208908575
1605,85.85546349981341,1.7857236991383196,50.078591332543525,0.3287962674523133
1606,92.77495684436455,0.5642279798101822,36.78564126605193,0.3259085050216183
1607,79.95819850586534,3.2071117995966825,51.04259496538518,0.32979040938051424
1608,75.99651184986577,0.0,38.14328850189209,0.32696865524514807
1609,65.82157463590222,1.8160130685570803,51.52918849922026,0.32838161804239063
1610,89.13201924252178,0.0,35.19817104226331,0.320304343123392
1611,102.51739218700568,1.3478295153691595,49.343316992792296,0.3185154542758076
1612,62.15391862065858,0.4282555477585271,34.233140663209944,0.32264427817360153
1613,69.36567061845393,0.0,49.21031716570666,0.33070378336033657
1614,74.23204643288184,3.426589527744296,36.02990402331936,0.3283090880695381
1615,74.47878048316784,0.4065319333090954,48.95790519461421,0.3235129323321459
1616,82.90607690049121,2.1087246635213104,35.238051453348206,0.3175277374334178
1617,97.5463186619472,4.679410630483101,51.111965363637054,0.3278046288099117
1618,91.27185946103268,3.952955308105488,37.35465272365859,0.3204932111027004
1619,86.24382658479846,3.226175856851011,50.16252816878643,0.3117051927359144
1620,72.76071295941398,0.0,34.077162400678034,0.31431136174117447
1621,69.11817524929995,1.0481919536816715,49.86524144625872,0.3114620317579628
1622,72.53117493467785,1.663093325802859,35.41708094961246,0.315846652839974
1623,96.24852720611939,2.559530641106693,51.537436288204,0.3220599702369318
1624,79.90374504760717,1.7372602072872514,33.28999218601243,0.33373295591047325
1625,75.53163746337378,0.0,48.72560956005889,0.3335970041793404
1626,78.16244269750008,0.0,35.113452843642115,0.3310897047969037
1627,88.24618219638468,0.0,48.863984049068506,0.33742766891190046
1628,66.87150325450209,0.0,37.42979642876817,0.34430738400814775
1629,94.84092203053068,2.307268904354838,46.03530748024309,0.35501340452595154
1630,81.56476256946299,0.0,35.681350041677646,0.35058185391794355
1631,77.83656021704275,0.0,50.83992610818456,0.3502606105007953
1632,84.4284611374674,0.0,37.463604565035006,0.3531942324132167
1633,83.3187209845807,3.782500844271068,48.74022830619826,0.3647522739466272
1634,76.55803543532619,0.0,34.97376108200933,0.37098317987843843
1635,77.9418606571268,1.5632245918095782,50.08316545721743,0.382716648282728
1636,71.41815411948633,0.355931960486165,36.21998334139855,0.3906014783211889
1637,86.56390750859302,0.0,49.667949769549246,0.38373679046780707
1638,76.5482038890387,6.227139943834432,30.29136101073098,0.39099309906277246
1639,71.07887226327439,2.1381882919907307,47.87308678965366,0.39278613160027825
1640,81.65863522653537,0.0,34.69859371174971,0.38878182055129445
1641,94.35417134857161,3.542528403720282,50.52835988994691,0.3813363922185494
1642,79.55371820606594,0.1238814795470931,33.83228874901886,0.37284030246520167
1643,73.9189874304831,0.0,47.99390375571769,0.36390521726408825
1644,84.03896020835974,0.0,35.761852297123866,0.3620569948847626
1645,99.95404290571378,1.95639427229418,47.632452331838586,0.37204155448733855
1646,65.85383469311186,1.2429666247644315,36.95770916379392,0.3752383891397863
1647,83.82202787785293,0.0,48.976739577295454,0.37518599606512987
1648,82.05086625231854,0.0,38.74278720446394,0.3745974783043691
1649,91.61533803559118,0.0,48.61926702142003,0.3664837760003492
1650,89.90909173684845,0.0,35.12900350127262,0.372929429971375
1651,78.54691118912281,1.3800076907353516,50.77050253091232,0.36791285163666115
1652,63.40489246328596,0.8335500584493107,35.01042291602275,0.3732624738319929
1653,88.06563767896259,0.0,51.83119757767162,0.3640323923126014
1654,71.64807309808516,0.0,36.717800719430855,0.370480014641278
1655,70.5325958904281,0.0,49.10802518784264,0.37693266749145043
1656,92.91956020674067,4.786847999431357,35.75223131040685,0.3654329865915752
1657,70.89149622361347,0.0,53.83990670268474,0.3739203805194994
1658,95.14490610203794,3.721529003451656,36.7264098445194,0.36478916272606066
1659,84.17499415312948,2.721823130254508,49.7895606209205,0.3739501171398697
1660,83.19118400086282,0.0,35.79456317324738,0.36946037543099974
1661,83.76966134032884,2.323378450909788,51.11958814602876,0.38091941273217705
1662,63.615763742582075,0.0,33.71593883532356,0.37910419935357287
1663,62.236113836534244,0.0,49.29206306255813,0.3907765539220221
1664,82.87166557723504,2.387116797827304,31.74294212200221,0.3813413179289967
1665,85.6800735922642,0.0,48.76373365814086,0.3730044145308162
1666,80.82611032156201,0.0,37.26531852538851,0.3727635135540604
1667,71.78465482980472,0.0,51.63719135529119,0.36248061655111286
1668,80.18922103882194,0.0,36.902383663292525,0.3730212197012869
1669,79.78038081477507,2.00240782076638,50.523797984254976,0.3766493422566214
1670,70.4284190172459,0.0,33.41957607109052,0.3818721247749252
1671,90.17078209276733,0.1035351721523611,48.54628437991596,0.38144928428109737
1672,64.17080410196726,4.911882391560398,38.20503582989065,0.3898373138656838
1673,85.88742406807506,0.0,48.77805508128217,0.3886889703513161
1674,83.84323405211245,0.0,35.78945470288279,0.3892887286088837
1675,90.09711854811714,0.0,48.35550211747184,0.3901366565765164
1676,69.94688127651142,0.0,34.5928010777871,0.3864426829182712
1677,81.7451045568454,2.4367769672109985,48.8584412572888,0.3960330798890675
1678,101.71164949318165,0.0,35.001844357131745,0.39239469946834243
1679,86.62074288999706,0.0,51.000097790733626,0.3969795590721059
1680,82.33301821415404,4.424020422881389,36.316482702856405,0.40115162306620056
1681,85.63829808012031,0.8222844632611295,51.09217083667364,0.3923788038900548
1682,80.8617684238012,0.0,33.91257205103182,0.39905227653406056
1683,101.9089801323984,0.0,51.40202481931445,0.40852489834428923
1684,89.8363619578918,0.0,36.025612642089825,0.4047193370272904
1685,80.23207843470438,3.627426590031166,52.32286767319728,0.4128917104012169
1686,82.52331431384522,0.0,35.914264098481496,0.41570394901030544
1687,76.11425056168565,0.074101741652611,47.32374237501398,0.4214626548014238
1688,92.09850126410305,0.0,37.91975924783322,0.4111248080869332
1689,66.5147373372898,1.9192835039997156,49.35911273982306,0.40217509185097905
1690,65.23132250472317,4.262359344443459,32.76525568652213,0.40931840321595586
1691,95.70911519561982,3.7398923295329407,49.781637119062914,0.4063644600885752
1692,101.53119792570583,0.0,36.34027049480965,0.3948863167808066
1693,85.22168466463108,1.7954519591172415,51.17801421200129,0.38948985205477
1694,81.17384513467863,0.1548857410708841,30.61218755920078,0.39216040701203786
1695,86.57267690304778,0.0,51.28714930967531,0.4005359335226226
1696,74.00153566419124,1.5735697600627874,35.28153317390952,0.3964563067461346
1697,82.31191372341155,1.998260906298088,52.45321695888965,0.3932570401909958
1698,80.79241540643963,1.3444278262582363,33.41600680476148,0.38555107626072394
1699,86.71058664625642,1.4831471293426803,50.38185344988944,0.3857717966719038
1700,64.42001471816604,0.0,36.61100655215537,0.3874208039278642
1701,76.41524038020789,4.9519602595375325,48.930673001617485,0.3886056215357368
1702,88.44995603000837,0.0,34.83271944835945,0.3988561295269879
1703,73.60031685109878,1.1875170913313386,49.0032275554417,0.3887083638383956
1704,70.06638624576864,0.0,35.4733478701788,0.3791137166666998
1705,100.42072149826954,0.0,47.68368808735183,0.3692026391000305
1706,80.61011915689934,0.7631305170177797,37.48291656109933,0.37365581617133004
1707,74.36737089444225,0.5218409795811141,47.92554457736021,0.3717426012769544
1708,63.69133763780024,2.05014004180442,37.52821477269248,0.3688400959387799
1709,87.29346346280425,0.0,46.88044324913198,0.3802129192592228
1710,86.99136153718693,0.0,35.72764363573465,0.3836728511147139
1711,77.01240399430064,0.0,49.32038529745466,0.3891118550320388
1712,68.9776980909291,0.0,35.96973674810713,0.39687698368710295
1713,79.7545057635762,0.0,50.99828891652732,0.38638934644129763
1714,71.64143932518378,0.0,35.68990747608583,0.3947087924258025
1715,70.57906411126885,0.0,48.87695098158281,0.3881049628445314
1716,79.2592355806207,0.9712103174592556,35.694436928731385,0.3904319933168866
1717,69.48609601339936,0.0,51.03535538036299,0.39124545715841086
1718,82.60082429526487,0.4477824758013398,34.18501788382043,0.3973027694565154
1719,86.07992509406397,0.0,48.03284234729867,0.40597159317428255
1720,73.54393743005518,6.467539672623669,33.058380927387546,0.4167902211819673
1721,66.3175490466161,0.0,52.60471814083797,0.4219956362831532
1722,95.61279598955807,0.0,34.25381121359879,0.4102997471420653
1723,70.59729764042795,0.0,46.73569761320076,0.41777307421052334
1724,74.03111716785033,2.101814062912347,34.78007959805434,0.40636854826495794
1725,82.13017167429888,0.0,48.64516222493058,0.4155753441682175
1726,86.233681984008,0.7999608626167745,38.19161230788307,0.41049166500912837
1727,77.43683106310357,0.0,48.866496258645405,0.41782056922074884
1728,84.63447248758014,0.0884307018919788,36.43108222708653,0.4112573630279073
1729,75.990138421036,0.0,46.87767538992051,0.4161458104444283
1730,70.2882933517561,0.0,36.30540354369497,0.41646328498274604
1731,96.9972592322679,9.113635414658756,47.09065072992949,0.419290735435523
1732,105.1377671356481,0.8445033077893853,35.523035732773174,0.42417090647530814
1733,96.9596953301417,0.0,48.42403862553396,0.4240655573252208
1734,83.37699839559369,6.529773346863815,36.08083555177211,0.41633371911167005
1735,98.33435361815678,0.0,50.51545815621631,0.42579021237748355
1736,83.55703515723984,0.0,33.98958437982528,0.4288016329955039
1737,75.22713729596771,0.0,47.85921745467473,0.440554435654217
1738,85.50972965995366,2.8197797204462653,36.28381181493934,0.43450172048301555
1739,80.0236418735739,3.225223125619169,50.5947736632121,0.4272975386681672
1740,70.59819474680066,1.4312552808591268,38.11949109866466,0.41681113841101003
1741,71.01678028567984,0.0,48.85600750147934,0.41254623085280884
1742,88.64089776789301,2.0679346016261704,33.756210293656125,0.41013162805349423
1743,61.77692317037173,0.8074766233948584,49.84378367634924,0.41398779868141505
1744,86.20005508701047,0.528958941945461,34.80146272919053,0.40555430222516864
1745,63.778367650638806,0.2473455937439679,48.17721480065864,0.4096315912017298
1746,58.78823555097564,0.0,38.10569391757039,0.4078149832756807
1747,61.74741559861297,0.4529387873264943,50.49192031213904,0.4066188544808736
1748,99.66763971934739,0.0,34.901311509607964,0.401863373259181
1749,78.63162130050326,1.9798698331289384,49.53577779399588,0.4070030700055616
1750,81.07864821018653,0.7093880284411331,35.8649128238411,0.41242967256479446
1751,95.93795177217483,5.818004376884368,49.811488523759046,0.4033314884201721
1752,89.34179748499724,0.0,35.38451888598561,0.4119195609555475
1753,67.2086243201092,3.7455900471713433,46.71375130555279,0.4236217506164381
1754,88.69006342818761,0.0,34.52890304351408,0.4170766927759591
1755,81.84181264703547,0.0,48.76585021912617,0.42246976909392975
1756,76.5832190240412,0.0,36.035595955421805,0.43339610138485163
1757,81.6483564323642,4.68482430328796,47.940403553738136,0.4228273415261405
1758,92.79812020628022,0.0,36.27285571286359,0.434808200880126
1759,72.08066925619922,3.134446922029142,48.99193790523224,0.4454493008234702
1760,84.90281662022674,2.9798660972850963,34.85421565318772,0.45082150735574156
1761,81.00207660944301,3.662163249240312,47.65843091106172,0.4526448818402888
1762,62.028353846043814,0.0,36.66316543060964,0.4427999643288569
1763,72.72806612980352,2.5019928237054425,50.20021017574283,0.4466612461947593
1764,81.95619736871002,0.0802061212435067,37.19375962870593,0.4476336303725301
1765,93.40796253344058,1.448472141705601,50.38777743545376,0.43969549704175137
1766,90.01331017346729,0.0,36.92962998821423,0.4494864458408603
1767,85.97212504403424,0.0,50.13696302649856,0.4494015996109952
1768,72.02821810609142,0.6032490581866564,33.35581378812178,0.441623662422407
1769,98.72690412128597,2.3825473773353947,49.14516677783883,0.4485349181306931
1770,82.98519083370064,2.77595385768177,33.84485461338712,0.445522778522212
1771,70.2689922075695,1.1088247478499913,51.61766321024791,0.4423988166115958
1772,78.17095019143049,0.0,35.97240771896284,0.43792686504027395
1773,88.9624842535616,0.0,51.46847886523615,0.44901137264110924
1774,80.81668996553914,2.4683832745251606,34.44794486834649,0.43801886497853404
1775,89.68662346407085,2.7265886608108034,49.42604127316933,0.4385040447120245
1776,91.0369395746215,0.0,36.388489680585806,0.4447251582158156
1777,84.23849688502693,0.7773001301329091,49.06749187860309,0.4527784369945539
1778,71.59180301450762,0.5627641499218832,36.27511240564735,0.4537682880546254
1779,81.35454663189981,0.0,51.787090282070935,0.46020816737330206
1780,81.24893572990244,2.657590568380475,34.44555817152352,0.4715717468829617
1781,99.91195829957996,4.394983203545607,45.606961366075794,0.4728352263016633
1782,63.7367806217317,0.0,38.39436451502245,0.46911348100924677
1783,79.12604270969035,1.5808907354462876,48.37635174205052,0.4809980922504867
1784,74.53375806755366,1.2489784516761695,37.67717785035634,0.4897013996635399
1785,83.35105620195999,0.0,50.5417150474146,0.4861286702481907
1786,55.624356408006435,0.0,35.668398108973385,0.4951550670123892
1787,92.72059208164985,5.237821622490202,50.13436228147489,0.5019903013107464
1788,80.13748487335533,0.0,34.28262690947723,0.5060141226406827
1789,63.12187889785593,5.229635113787986,49.69269082859755,0.5084126662490664
1790,77.18332424579167,2.648185310634436,36.88448861320054,0.4985364237143986
1791,86.14279038349811,0.1772232231762626,48.40234600750357,0.5045706378778724
1792,64.08552124541968,0.0,35.422991660354946,0.4966056049780865
1793,80.20000890177015,0.5592891244619541,50.032735376635344,0.503293849954445
1794,69.90252869797919,1.5908839199816438,37.9783388705044,0.5087074795546396
1795,74.60454453415224,0.5479828431397149,49.5591128371992,0.5072872968648742
1796,80.26738382674637,0.0,35.347438539109014,0.49821192541660386
1797,82.82429192977811,3.299297979874516,49.34422143520669,0.4968984536433062
1798,76.79022739861418,4.992174601471522,37.733692226530536,0.4875954222798351
1799,82.72796389530264,0.0,48.60157659326118,0.4827949090212095
1800,88.32175052285722,0.4732481676972308,35.54307971036367,0.4771150820762843
1801,77.88709537415266,2.2541270839502183,48.61545392965608,0.47585818443018174
1802,94.31567757449291,0.0,35.6869535038566,0.4655390159310302
1803,94.62214170780419,0.0,49.884388500515016,0.4624003359311405
1804,75.85211579229437,0.4637881605088695,37.54424560830415,0.4664393956861798
1805,74.59172176469605,3.23375776477298,46.376982169892514,0.4713085464630808
1806,63.35827014833826,0.0,36.82666167966552,0.45957549067055964
1807,78.7343066836061,0.0,48.22646027340814,0.4621654567297381
1808,76.90205903984396,1.788122803348222,36.88303331371794,0.4561140074000056
1809,87.79051220132992,0.0,51.42329758096017,0.4539737900404661
1810,64.90338393931701,0.0,37.4868208240222,0.44458160643893135
1811,77.2260860825689,0.0,49.80078326724675,0.4326045316973724
1812,89.98436557647399,0.9897388178751004,37.24517670696107,0.4396021264817685
1813,73.87171883351483,3.9176326303148,48.14876919242234,0.4344914318063352
1814,72.37638463272391,0.0,35.89168317732536,0.42654860484207147
1815,65.72009997753106,0.6316777502971583,51.84305174202984,0.42559099227982133
1816,106.47194733681661,0.8873629221140922,34.809545011357926,0.4347995918017897
1817,72.7141142589633,0.6294867987236746,49.85974884456748,0.43489489629171046
1818,67.56391752160692,1.8912861459677108,35.43966524760577,0.42582217683496265
1819,71.9614959596848,0.0,49.27118239168948,0.4199596734722887
1820,72.25704919513196,0.0,36.60253509874223,0.4154295693781138
1821,77.51909995453177,0.7099924634805495,49.15956673918825,0.4059358174961114
1822,89.19341761577161,3.1323176496548903,35.98831458621527,0.4135938265614226
1823,77.01676831004167,0.0,48.80697019258967,0.41473228788322314
1824,70.77176685003172,0.0,33.25588581826607,0.4243596749549943
1825,66.21289710244699,2.4209402811907808,49.85348628935149,0.4271609070631422
1826,80.21857358219872,0.0,36.65263336099932,0.4157824692178437
1827,80.42539074029791,0.0,51.637105293314434,0.4250461905687549
1828,96.0597691552771,2.501485483296163,35.79563011131691,0.4158764243180126
1829,81.44151316320361,1.723452695018437,47.47178229989431,0.4184090331659512
1830,81.14460802869144,7.115637138440702,34.862416014912604,0.4149877349305829
1831,69.49346163412511,0.0,50.37443361501721,0.4202596680508344
1832,77.96321349339648,3.409130814601336,35.86663404007285,0.41018078775559164
1833,75.61525541965393,0.0,49.98278142324651,0.41720195531838244
1834,78.20518172023212,6.35607788456385,35.4638080982909,0.42445521320606033
1835,71.71861286633471,4.370555975801975,52.36855846813012,0.41796953502638956
1836,86.07718490271319,2.312962899838072,38.5854103229447,0.40986544940358166
1837,78.5755458249063,0.0,48.16645165882843,0.4132083085536442
1838,78.48527334917277,1.6293604974088431,37.35697479568874,0.4167982706129918
1839,62.85953883951004,0.0,50.019938681730544,0.4116802733944753
1840,85.60030431561987,2.212878134570766,36.01376759395697,0.41268951135029
1841,85.02548649519595,0.5177774513071447,48.27431311299209,0.42186021716874833
1842,71.60870597157786,0.0,38.42572425619394,0.4219495372674118
1843,91.66457227342383,5.877861448772979,51.31173260875695,0.41252118164874135
1844,66.35241769917567,0.0,33.80777822709376,0.42154643666612557
1845,79.7813009121092,0.0,51.63908205939734,0.413572574179088
1846,77.95554176972894,2.225383895435239,35.935860900493886,0.41537598942592235
1847,66.82825211194205,0.0,48.667159235944105,0.4227903866157224
1848,81.89702612079996,0.0,34.52856165915582,0.4300000444670704
1849,97.87224334980245,2.821806091281824,50.98107556479947,0.42418417366678485
1850,81.50979934854408,2.778190159582937,36.593271588175725,0.4252877156604493
1851,77.1339307585927,5.880494332277342,48.252625616605776,0.42630091642330376
1852,85.03966458571992,1.8980767228771591,34.77678162352604,0.42520871247381825
1853,82.04185373127085,3.2821792553310223,48.98256044158797,0.4363434077283978
1854,80.32430178262143,0.1556015545547674,35.22466923756189,0.4336796060434034
1855,75.74457787228552,0.0,50.355515565237305,0.4283059625928894
1856,94.394459784826,0.5823473063378635,36.56153379564818,0.43186385152319906
1857,84.56363363480786,0.0,48.61037024271765,0.4376870030738336
1858,75.76287285504196,3.498598147989454,33.50716416886008,0.4278854822934747
1859,78.91996163219042,0.0,47.56284619673372,0.42999531299133387
1860,73.31728206484243,2.4198303562771484,37.29851156926814,0.4182811928773388
1861,75.79055402879702,6.244885098706563,48.071629386696905,0.4081562686768402
1862,73.59274275809801,0.0,36.16013110432836,0.41409970478183405
1863,69.82180602650965,3.883073212439762,46.91910879630522,0.4214683025377271
1864,88.1209329355098,1.1605443261008184,36.589018059516974,0.41341765148841114
1865,77.1799472778317,0.3012063685398568,52.44313470536489,0.4188981924758353
1866,86.31184781233712,2.5685734302314254,34.00132745951934,0.408970947009768
1867,73.91799504277544,2.064180066828069,50.38839100068044,0.4201524299769055
1868,79.86908788934933,1.575709444242405,36.40212120569438,0.4092746869553258
1869,72.92888054101687,0.1309550297599065,50.94067101623957,0.3986656893174166
1870,87.19668170537332,0.0,35.796567827018976,0.3924422040415039
1871,79.03511241656574,5.064351612053761,49.97308251010626,0.38920532931755436
1872,72.9687299249715,0.924885948284522,36.26638949824667,0.3884198701564406
1873,64.35866313726994,2.5856514178926115,50.4231093254645,0.385185428440539
1874,84.69331860289807,6.455510364967767,34.734759248486995,0.37503997468414396
1875,73.83517145125437,3.0634065821181578,49.8525182390851,0.3798308471655369
1876,79.84220782879005,0.0,37.208916702249255,0.3754691654143787
1877,75.08269891986473,0.0,51.31583098414528,0.379260404335148
1878,91.37352184529007,6.10542012100807,36.73702167930798,0.38275574342520713
1879,85.44144752358008,0.0,47.86591029606644,0.38827187073934444
1880,84.47212087454831,0.0,33.66306104274236,0.38965546118829564
1881,74.46587201079485,2.090277480098826,50.17678343826928,0.38898637402571884
1882,84.94949115226053,0.9553023891954578,34.47596267626311,0.38002145683158517
1883,97.14831608676043,0.0,50.83034700613718,0.3779879099923759
1884,71.79173656073594,0.37865634078854,35.561751760680785,0.3739954812969668
1885,83.54870072029934,6.084364426691479,51.08126901209784,0.3659473197473853
1886,63.50783025582868,0.0,39.18215324293565,0.3568836520685697
1887,93.98562092125536,0.0,49.470361084221054,0.3512545489195416
1888,76.02087901409159,0.0,35.819427726319006,0.359023018056476
1889,87.94041391748125,0.3820836968715946,51.08408452081253,0.3608480560418077
1890,62.767717492836766,0.0,37.589285847707,0.364788866787612
1891,98.90312114934244,3.0924242602779723,52.11625734917748,0.35501742271769393
1892,77.48861028403533,3.524418547637719,36.28828273499672,0.35144049081173895
1893,86.69628338395377,4.132367164178332,48.61454465949488,0.3590179109426611
1894,82.372774885959,2.881976075443591,36.00499879190376,0.36150793907687573
1895,77.44529213812231,0.0,48.62840130732872,0.35127124100829904
1896,96.85792302659303,0.0,36.35314286116553,0.3512521619776765
1897,63.57436953229099,0.182771986509287,48.2614855652079,0.3503277936744865
1898,83.9243666006767,3.12410000252206,37.34643799049987,0.34946040586010996
1899,89.1064567222997,0.0,50.61008032889027,0.35343609995737874
1900,79.9970550174173,0.985387445936552,36.201978261898965,0.35482065573029464
1901,79.7526993490771,3.114690642476723,49.60220991714228,0.3604347608186193
1902,79.60548023008666,3.441191169404341,35.69876392875078,0.35219107170553726
1903,68.29806480916238,1.914763377554896,51.53222790229081,0.3615856317653362
1904,80.38127384094935,0.0,37.77455453005688,0.3699063731959391
1905,85.12717523472399,0.0,49.78242037887503,0.3616962635389554
1906,80.68599227480661,0.0,34.708453490363475,0.35324580766516717
1907,77.2772389885492,0.0,47.79857261822394,0.3591802858768503
1908,75.10274977626973,0.0,36.42485937557907,0.3579138129916495
1909,78.49113607313146,4.280342553050618,48.60675219088377,0.351119247769795
1910,92.57744217496038,0.0,36.70732911458665,0.3574942019981403
1911,59.133650205794574,0.0,48.98380179095372,0.35023277765218724
1912,80.8421382801646,1.471412382289515,37.15405984488038,0.34467723589818006
1913,77.78958869901051,3.557126239915612,49.87496796372667,0.3532045476109329
1914,94.55807951836843,0.0,37.4905078989501,0.35992303100147127
1915,80.55492225443803,0.0,46.21298721856692,0.36827411585940484
1916,94.84925598699954,0.0,35.65285293728517,0.3693499591604442
1917,58.76109981954441,0.0,52.889027296908615,0.36685981039222576
1918,84.59584904834057,0.0,32.238686788417056,0.36561786187739126
1919,83.01859869976127,0.7267336646149046,50.827823422936106,0.3583101391577681
1920,93.90533967073938,0.0,36.62043391717588,0.3607545113462205
1921,64.837703593202,4.170632271440971,51.49239667853222,0.3654513441719899
1922,78.44964191881674,0.0,35.73304061273402,0.3658498799067243
1923,82.01715870708449,4.5218536307318695,51.34937675558768,0.358153715772717
1924,75.06849429063429,0.0881641202879173,37.81878701223063,0.36977815018349725
1925,92.26373300458548,0.3265195571869353,49.85901523606053,0.3716407521494909
1926,76.61317814554603,0.0,34.24741048846824,0.37356836420811557
1927,100.73143465694541,1.2793640557795438,50.93335189813118,0.37236254095728655
1928,91.78851316432409,4.155780249782869,34.53327281309471,0.3755700568154597
1929,89.508336970038,0.0,49.35778024116174,0.38649976098720723
1930,86.60838891708659,3.384663677259142,37.41379067226626,0.3969794915359599
1931,69.36304408974452,0.0,51.20194665674441,0.38857463966735806
1932,75.68903662489242,0.0,35.471489846215,0.3867436147333455
1933,85.96427674963437,0.7892102702073449,50.50431950156903,0.3960701417010473
1934,86.77557033587718,0.0,33.67962338519426,0.3887863059946984
1935,93.07183845081258,0.0,48.85527374510425,0.39486533513034167
1936,75.32558990374093,0.0,38.19680664990813,0.40129846449395745
1937,73.22287624772807,6.081366989915686,51.578927168777525,0.3936724730226168
1938,88.73352461496218,0.4749422903562507,36.99724906064615,0.38181342230092896
1939,71.90373423959888,0.0,49.35109336829555,0.3836057538349414
1940,88.73311836070413,0.0,37.26431878099173,0.3757451922350271
1941,91.99736176415038,0.0,49.52900280895168,0.3782241949737447
1942,86.26870005255591,5.69056564761786,36.245771217262565,0.3899951759453441
1943,78.73835495039812,7.713817566947007,49.69641945961752,0.39461957779352175
1944,81.26687373463292,2.853504910647082,34.83014784692977,0.3944022298806997
1945,85.93465919603238,0.0,50.65273231398743,0.39226820464048906
1946,80.10185518712073,0.0,34.3885074151598,0.3941148228859884
1947,101.98296338670492,0.0,50.727612378293,0.3870605396693044
1948,70.0932906937285,0.0,34.55252460016459,0.38556350918212023
1949,69.97331412630209,0.0,48.480731523162135,0.3941859604720864
1950,70.74129990617577,1.7008459117634014,31.73215727231755,0.39353302687205627
1951,74.10420077454785,0.0,49.32971991939581,0.38631872441896364
1952,59.88746305590125,5.589260859501159,36.27721176841651,0.3920951734505262
1953,74.07446865600097,1.23657641800929,50.80445385908856,0.38778473562541976
1954,74.12108989008948,2.1797896978945546,37.95974232057048,0.3991197071518107
1955,80.78514025174177,0.0,47.32852495526421,0.39028864284849496
1956,84.17800583206082,0.0,37.47066953664231,0.3986394196855242
1957,67.59783663592229,0.0,48.867793716608126,0.3986829444936395
1958,89.00054242764072,0.0,35.885338158711015,0.3984148928050781
1959,98.54487024760715,1.741493165672233,49.40594256364973,0.3882661753207101
1960,77.97488143135301,0.1924415410099141,35.31915629979292,0.3935540186641812
1961,95.74371237475572,0.0,48.22897851168396,0.3853178823991447
1962,83.16908093311665,3.930619963549227,36.412253378843445,0.3757838085320379
1963,100.44248929749558,1.850567038472227,50.78056266399258,0.37186436655952176
1964,91.1728346568819,0.0,34.103770736882474,0.3749783853040464
1965,64.86173426587021,1.669268714226273,49.53465696244838,0.3697296312667983
1966,80.33065523742177,0.4812717693607431,35.04990992399241,0.36298341971304515
1967,90.54324974904078,0.0,51.20772776373624,0.37048026840882947
1968,80.30546581040618,0.0,36.73379762643948,0.3758181920603515
1969,80.26751457835157,2.1211662893407657,51.82690276864639,0.3675635877026492
1970,92.98876856242536,0.9704035309411309,33.67028080384876,0.3672544910287232
1971,72.90145817853896,0.0,51.1151399975501,0.36736287589922584
1972,80.86311933148045,2.29321066232758,36.23742642175532,0.3696520066779321
1973,83.23625764609119,0.0,48.47608492231546,0.377833380433633
1974,76.66209039646436,0.0,36.72723354636052,0.3888106721902346
1975,80.55725365552485,2.528482314334075,51.91289500624965,0.3989634696225195
1976,87.7502326322417,0.0,38.40034949303184,0.39186782401749537
1977,85.1336992133655,2.6844099945518725,50.79717240339327,0.3999590133901777
1978,73.63419377556193,5.737896984524185,34.50602127729115,0.40266566785650765
1979,68.95876014200738,0.0,50.02864027714216,0.3939484086874264
1980,72.66286206676642,1.8462795644430792,36.50706217014245,0.396416745643126
1981,80.79940741046778,2.6230761752764096,51.4268700309738,0.3933028467789982
1982,79.52598585410777,3.751279105593975,35.74611553749265,0.383201072348341
1983,71.80143845518121,0.4033779578415245,49.587202771532176,0.39005723877058
1984,74.01849547483513,0.0,35.01316526662583,0.3822234789763005
1985,64.79960714807936,0.0,50.56597607796394,0.3859820088917534
1986,84.84269445564622,2.2138580782431707,35.67031257229169,0.3900149553603643
1987,80.51800517473643,3.060641427509211,49.842812980141744,0.4019795835441768
1988,68.29419805879667,2.9735716428312102,35.28910328669663,0.39617155451053576
1989,80.88226401477725,1.9868632429980688,49.63470451760698,0.3851513596392147
1990,93.42622010510354,0.0,34.372808798556974,0.3793108920256146
1991,73.45910515895379,2.8615456286879875,49.80517884724653,0.38161435669955557
1992,93.15137665720972,0.0,35.08956546968099,0.38891709379221484
1993,77.46602832721221,2.335343506821472,50.61283792865073,0.3947548341057365
1994,81.97828167849867,0.0,38.76460843377926,0.38802021420935695
1995,80.97750802422185,0.0,50.83239696019057,0.39819037434786353
1996,94.01523416005246,0.0,34.313544535272044,0.40916871197749216
1997,81.58433846785532,0.0,49.024900023160605,0.4101252390913805
1998,69.40342578160673,2.741466578817273,33.578885679846266,0.40832781624136155
1999,66.89029629558787,0.0,49.58420018984633,0.407630579249928
2000,64.95767661839704,0.9562905089944016,33.33209298194155,0.4152770834933821
2001,64.24029184548841,4.53331162143543,47.76177913845168,0.40575239829649346
2002,80.46135058955684,0.0,37.63781349153099,0.4123890944788577
2003,70.99446911348147,1.9273797191569677,50.85540037867786,0.41714022623096925
2004,79.19188387056259,0.0,33.71287762007269,0.4282456027943939
2005,72.96140964009554,0.0,48.89268485124074,0.41743421959225285
2006,72.29215699293435,0.0,36.68865918840907,0.42933981121514003
2007,75.19154659127271,0.0,50.1525849840244,0.4342452144329797
2008,87.60210138879445,1.8874861412019093,33.55267751020989,0.4332095663654198
2009,89.38457611058692,0.3104154430000363,49.95385962025412,0.4411534393295258
2010,83.7117255264904,0.0,35.081649359785615,0.4392152324611534
2011,70.1017745045288,0.0,51.36184695442723,0.4383989880985826
2012,87.65843706537086,4.073747702791557,35.69315864704591,0.4385375314566052
2013,86.88896666607933,0.0,50.102776302641765,0.43921244984393376
2014,84.07854881487835,4.440255929179694,35.829747394800805,0.44942098619380494
2015,73.96379563980909,0.0,50.56351178748563,0.43911234427558665
2016,87.1339422021299,0.1511548281950114,34.841324174507896,0.4303669829049223
2017,84.42778513274502,0.6653312865946909,50.566225039026826,0.4358495445475735
2018,48.83143408400874,0.0,37.80687253603353,0.44709718264727677
2019,86.95350502723929,1.6966156437628954,52.31718606886854,0.4576008926978152
2020,60.86257329138493,0.0,38.369112722458176,0.46571835728897626
2021,86.63561576591381,0.0,48.75966234648265,0.4742311879245984
2022,78.45927601575164,0.0,36.859152891225335,0.48134054941452403
2023,91.93611680749198,0.0,50.775090953485815,0.4727262149876569
2024,80.45064922002679,4.774204440286986,36.8784955890465,0.47906041115302417
2025,71.14959469216298,0.0524576424136422,50.694062798090194,0.47908697769748626
2026,78.52646335417157,0.0,36.62934372641195,0.47768027786153605
2027,90.59806294933774,0.0,48.74596198535651,0.4720719621865665
2028,80.26246617861587,0.0,36.30409413616811,0.4798106157056472
2029,78.85664840127623,0.0,50.83402514895816,0.47048091193655234
2030,87.43553515508337,0.0,36.68583639586862,0.48219254190044636
2031,82.56807226083433,1.5482619817873626,47.9193148392434,0.48789619035984744
2032,80.63940820336711,2.328940872331429,34.67700089089758,0.4936455803809042
2033,94.1404271978049,1.599421712571965,48.94998267189533,0.483048028264606
2034,97.20033824988342,5.497326430975791,35.68620805370591,0.49047343949275296
2035,86.50389893860513,1.2354555843937267,49.79975493961415,0.499859669016311
2036,77.14040848514827,0.0,34.52778655106612,0.49972706336257405
2037,95.47070019714015,1.671967539772933,50.7562788481678,0.49790983964141383
2038,92.58239655469049,2.504003271244712,33.207081819617486,0.49630200065928903
2039,87.18897165528291,0.0,50.35689762641421,0.4966102511865257
2040,68.08560428084978,0.8212336276946006,36.7532284474525,0.4998579564920957
2041,81.40671903307961,0.0,50.52999307820826,0.5059876114182214
2042,73.80901326319187,4.152450034002036,31.392946856635465,0.5049429779487794
2043,79.56708645330848,3.857363229506902,47.53993187038415,0.5074859896545629
2044,82.40056929296719,0.0,35.46438427991193,0.5019379602686908
2045,81.00159408090623,0.0,49.81626815371565,0.497822169832088
2046,75.24824894170752,0.0,35.87134120289453,0.4896862075411035
2047,92.7295374891991,0.0,48.343225197052405,0.48187522023231727
2048,63.74220467712422,2.34505781813217,37.91799428617683,0.48040595079304993
2049,88.1098708609656,2.693451832231524,50.04988934639246,0.47746413941725707
2050,61.42516728405462,0.0,35.4012959277877,0.47119996167282857
2051,84.59824276097098,2.574204645787825,48.08248780149992,0.4774195299128509
2052,71.13095673716124,0.0,36.09574824089836,0.4701336341613009
2053,90.48808071023521,5.683477109699666,51.45189575816037,0.4814042579609575
2054,82.9925980099951,7.093575899730577,36.04619804715841,0.49109895152300626
2055,82.47706378466825,0.0,49.51577394725119,0.501560554909879
2056,69.81720674433149,0.0,36.092851897989775,0.4990447707230024
2057,74.61235100463689,3.860174515375801,49.744768898537245,0.5017222316182748
2058,83.67654305777803,5.347897078894999,35.643648444070784,0.4967473937724243
2059,86.54587810879102,2.367262798993244,48.10456258910608,0.5080517455337045
2060,109.32808071533658,0.1237276589932354,38.28694976969818,0.5007448648240512
2061,83.24644981490752,3.3928886129088647,50.52008400039797,0.5062199198974797
2062,89.76037525368926,0.0,39.16912840077099,0.5086181521548039
2063,65.42515344722632,3.31497590772978,50.31017900995967,0.520157683825158
2064,66.70108138665937,0.0,35.64649039076729,0.51639888143061
2065,76.44505225391548,0.0,48.14509007576294,0.5173917476070453
2066,69.19711124524204,3.904627338759031,35.49843464776092,0.518952552070977
2067,96.00628830861179,3.807652579826444,47.83443066938483,0.5295806413466562
2068,75.89781307219671,0.0,39.14018932017425,0.5370849801003778
2069,93.82181888393139,0.0,49.538297532761945,0.5368909672949217
2070,94.99405402282201,0.4207642732190046,37.1725132181717,0.5393911240402137
2071,80.42779719883566,0.0,51.00679808073416,0.5419099694813516
2072,86.10945197052628,3.638181441499657,37.61480100471889,0.545336875588636
2073,79.43900526659097,0.0,53.385649772462,0.5406601356718471
2074,85.38437000354538,0.0,35.85031046121799,0.5331251709940377
2075,85.62246700741146,2.6301616320191794,49.29105200071317,0.5306309314054558
2076,79.0857553197609,1.0741719289373866,36.24014874398768,0.5188544209511845
2077,85.0496998146284,0.0,50.68665739014853,0.5106782283183553
2078,97.23696275667263,0.0,36.261743969997575,0.5030334436764304
2079,87.13016229710938,0.0,49.16056819598624,0.5021557602452877
2080,83.25799613640626,0.0,34.91952221287002,0.4903210343035472
2081,81.40612682801668,0.5281053919484955,48.402320871122704,0.4837470048404308
2082,69.87326876231408,0.0,36.39763733106306,0.472156911413532
2083,69.72703122924537,0.0,48.06552772210572,0.4802303292224856
2084,83.23356531480259,0.0,33.27237940817516,0.49014041225301364
2085,67.59101939105007,4.283102105072144,49.736704391638256,0.48707652949494673
2086,72.33672401036416,0.0,37.73737318247759,0.4934109553223964
2087,92.81511340364133,0.0,50.55656152296057,0.4843471003315979
2088,99.14229697062814,0.0,35.96659654514947,0.49608053804299174
2089,63.34043923202282,0.0,50.16834784558763,0.48946239312145357
2090,96.26649562301583,0.0,33.52275475158075,0.49134281823380954
2091,77.88561709154443,0.0,48.5293848503222,0.4984878427716049
2092,79.84994912968635,0.0,38.5105313699602,0.4995371718226349
2093,79.42397136041116,1.860292222795009,51.34002321840229,0.5043383695430286
2094,91.25931588096337,1.5129153690283113,34.92606929946785,0.494360719328357
2095,64.14305708685372,0.7327429242849577,52.19531348462972,0.4858173012287895
2096,84.78598273642862,0.7478220762576189,34.91659196830212,0.4826770707555523
2097,70.5512980261199,0.0,48.329057039301,0.47608813891124463
2098,85.70788529381574,0.0,38.29730465827353,0.4877973920192173
2099,95.42796338293051,0.0,51.525455177078,0.4862155974059554
2100,80.31459014559131,1.062544699058383,35.110589052117724,0.4778947548557169
2101,84.16821777716684,1.4222230581960609,49.49021186013239,0.46808960370976765
2102,84.09551778237692,0.0,35.48087833378488,0.4793540609502982
2103,73.50961674080393,5.018505791696118,50.32005292966506,0.47055600083506327
2104,96.59139399351285,4.916668315565572,38.3445161837233,0.46528613553754394
2105,97.06468247260989,0.0,50.36207691055279,0.4703652299511145
2106,87.10081355744478,0.2765994542483205,35.82257168863901,0.4794839121516317
2107,81.70109543931721,3.2274703974692027,47.544395083142746,0.47252523066664087
2108,76.72320478692916,4.473809801573354,37.160373003900006,0.4799586193090818
2109,73.93937867161578,0.6809363436888621,47.7294243735847,0.4896590220451353
2110,97.10836582546656,0.0,35.71272870327902,0.4945823008653692
2111,94.67001574077781,1.752884378291907,51.00119856275676,0.4954872060694962
2112,79.82293459920334,1.5318316236627405,37.21026649624495,0.4972117020197397
2113,65.75178316783715,5.170294881827948,50.82191500999552,0.49237645837402716
2114,52.372529716921946,2.308828053372741,37.04181015879605,0.5003592797544513
2115,69.61512535409895,1.497973189139158,49.78263428908397,0.5086142195301682
2116,78.69379604004881,0.0,36.44666024265512,0.5065577177627407
2117,94.49080758115116,1.613057455737156,49.70195049408901,0.5119505057665642
2118,73.4834379094222,0.0,36.7172944543562,0.5238437695049347
2119,85.2873347539804,0.7972673019179213,50.36669975851573,0.5276540934537128
2120,93.61306755664614,1.9375264672060784,36.19342104431541,0.524552005999442
2121,81.28536316856048,0.0,50.33456628070445,0.5217432514275888
2122,78.57552131211159,0.0,34.9661967634832,0.5267885210193665
2123,66.91236485761392,0.0,49.10341008038503,0.5170958946806646
2124,68.4567372084104,1.604967634849095,36.33917614755798,0.5231120480602202
2125,84.89930421188653,2.4610262257609863,52.44911457085967,0.5232703455984464
2126,77.99092466799073,0.0,36.78691457221691,0.5236400894177465
2127,81.22531317653302,0.0,49.36174117691312,0.515537511081488
2128,79.52722284303753,0.0,35.66309251332057,0.5099706888141942
2129,87.13756242829962,1.6537397823770743,50.68009336012877,0.5037557171122691
2130,72.15312588570555,0.0,35.847536327008655,0.5116281725926114
2131,76.64419356416833,0.0,50.51991657532676,0.5157800690325343
2132,99.33661379502016,1.249305028962394,36.76083439016228,0.5054221217865542
2133,74.09562677278602,6.978293855479111,47.69472814620829,0.5048108918308706
2134,77.18424569199898,0.0,36.70260584010498,0.5026806984850226
2135,74.10613298021431,0.0,50.26228081802451,0.4944033532541932
2136,84.4478136240725,0.0,37.18843010818067,0.5042419540905128
2137,90.75105642845237,1.7571106801055691,48.30822001526042,0.5019771571859083
2138,75.18655494144235,0.5622370910115253,37.63459345622049,0.5047327882090555
2139,75.68585658895314,0.0,49.313648860073,0.5028485791186527
2140,77.21018394696969,0.0,38.9758398060746,0.49099765927898453
2141,85.29833783474957,0.0,52.19249452884547,0.499958220699148
2142,72.60604697489805,0.0,35.08133801845469,0.5000567884574973
2143,77.13902862699084,2.995427622344742,47.51001720466285,0.5016487373787492
2144,56.27806128486985,0.0,37.03929197288622,0.5102389224476346
2145,66.64587494640035,1.5444168045006914,48.33389154659645,0.5181717629838374
2146,78.87556243980711,0.0,37.71468959063927,0.5105829394498804
2147,89.07475578943485,0.3203801913454806,50.35863791341901,0.5157148238209317
2148,83.91402232301985,3.210881633337399,33.81301481930111,0.5076132659277303
2149,70.3457345317,4.444730327909991,50.736941463298606,0.5162698056101834
2150,66.8672385689146,2.89933550064672,36.19930468386362,0.5245115800525801
2151,81.74680092898168,0.0,50.18201253289956,0.520988168501479
2152,63.47196357747156,0.0,38.279498205720685,0.5272126773245458
2153,90.65926818716889,0.0,49.36896185391517,0.5219952083717218
2154,81.08870708448325,1.4991505599382164,37.13046090309716,0.5301715645501703
2155,65.46903935488291,5.140803157411641,48.66626209149514,0.5334289865487639
2156,70.3404614115813,0.0,35.1327209136023,0.5223237718723049
2157,73.47613654437072,2.397499122273133,49.23662382649864,0.5195413988116546
2158,72.52427188407016,0.8539899543485046,35.06285620239985,0.5289673036718984
2159,65.10066991778507,0.0,50.415637344516135,0.5283679488647008
2160,71.8360686665866,1.9423129549168368,34.00827390732057,0.5313240191146011
2161,73.15598443859574,0.0,50.80816581348672,0.5363753023530745
2162,73.66874040257083,2.6053265289173826,34.85113542508496,0.537749317558186
2163,91.27956624933381,0.0,50.13040194273274,0.5351740735115278
2164,81.78685120390998,2.4619105854594383,34.21227841381425,0.5437236276386165
2165,70.06742782562448,0.0,50.28044365764599,0.552132772324115
2166,76.65378394045878,0.0,37.61943954993789,0.5514472345503885
2167,72.62224467634115,4.7260521648500005,49.57850185642128,0.5490753672145103
2168,77.7420120034551,2.4735953119088943,38.31645166418943,0.5423324593242458
2169,89.47932345801894,2.4141064220170305,49.3539840690958,0.5465089569599025
2170,82.52270780612125,0.0,36.61047993384229,0.5576314814362441
2171,102.85601181528067,0.0,48.17564463736195,0.5520478000251592
2172,83.7592742576748,0.0,36.65107466025915,0.5519695932082859
2173,70.86405490022892,0.0,48.711636157940745,0.5496229645157802
2174,88.09740730814447,0.0,34.91284133563796,0.5533685285956096
2175,90.79931217142536,0.0,51.93400050888973,0.5457253482693876
2176,90.94166991443944,0.0,34.08809702326171,0.5470553949989455
2177,69.05759046964909,0.0,49.39169241124058,0.5565725010458159
2178,78.70156510339322,0.5931308284719782,37.0626137021405,0.5466988410495605
2179,91.31811956828453,0.0,49.9149514563327,0.5423433709760389
2180,63.865619422063276,2.3763633693422985,33.22243781666181,0.5320642091089995
2181,75.00583238977961,0.0,50.469709001517536,0.5332090783073629
2182,66.2458807578606,1.7175253737684408,33.92492986841153,0.5421999240533573
2183,70.67429770102987,0.0,48.89896717403994,0.5434659024915317
2184,69.87542847256194,0.0,35.62706432722098,0.5518457699051972
2185,92.50569832543435,0.0,45.18380111653652,0.5435503950760081
2186,77.87110279771754,0.721610489350165,35.83457745876807,0.5323649712694053
2187,71.36644418658217,0.0,50.56266119275024,0.5393864374668652
2188,69.87150286079472,0.7585339154655394,35.73830166697181,0.5315294916105542
2189,82.19164150943688,2.583232869071896,49.84123981710929,0.538507520187916
2190,80.03545743326956,0.4893790222540997,39.386108586701205,0.5440217265324776
2191,95.20657662222703,5.886109584975896,51.252005446535904,0.5556069257231584
2192,85.37918106298997,1.2633803480564694,36.08250703259026,0.5450718896380056
2193,65.68202221934962,0.0,53.44435833985288,0.5458840478203718
2194,73.89198157760576,0.6059621783947926,35.03887176942377,0.5512738395073337
2195,90.857305456749,0.5219344534640872,50.343360759099525,0.5441517580042747
2196,74.36343948514117,1.9142215405164371,33.62849245166211,0.5439521754494457
2197,97.34572174923709,0.0,50.16133710454467,0.5352984834802669
2198,69.33081781043921,1.0457070789556269,35.82631284190399,0.5282381314100015
2199,85.7261335304079,0.0,49.65503499723647,0.5176823175614534
2200,71.51851951452058,0.4355834950233012,36.54915039849043,0.5083287486037404
2201,75.49900201029858,1.9831777992071955,49.983850969496814,0.50498768462606
2202,91.77819528268397,2.641262667908346,34.38448744279796,0.4986078818987736
2203,78.72932837161483,0.0,48.988827392117365,0.50007149933168
2204,89.22140761274797,3.622950538689664,36.00251937699496,0.49553997630605656
2205,84.73290594914799,0.0,47.42008168045574,0.49004041597689685
2206,87.538656835623,0.0,37.19728248177741,0.4868084726592452
2207,71.2250971836127,0.3565976482260918,52.38816856163349,0.48009185520773623
2208,78.44398748219912,2.199104880797092,36.44874360788864,0.47061992025756283
2209,84.2425261810087,0.0,48.77227534932818,0.4779744387090584
2210,71.50927127306339,0.0,32.540541614344946,0.46714601008618084
2211,96.29605185317638,0.0035047361769743,47.282482712540485,0.47122070325696
2212,72.22771957844866,0.0,36.50227160204558,0.47911733634572834
2213,76.99996423062206,0.0,51.45749990220462,0.47913876817282947
2214,71.13466798347743,4.000862104732662,35.663301752481615,0.4798210909838055
2215,59.302553115747315,2.452112560447322,47.33298319539904,0.47501867669815184
2216,98.87538608556359,3.0206695327143827,34.68689043983778,0.46555804540220885
2217,77.95661063096952,0.0,48.70550197564284,0.4553276773590847
2218,75.52085161584459,0.0,33.09460726054857,0.4457090925605203
2219,78.01284938329201,0.0,49.09799574378833,0.4396967854239061
2220,94.19863972196435,0.0,37.33200844355367,0.4363728734707816
2221,71.26871324727152,3.0659310930523205,47.04117222343292,0.4349578733105801
2222,86.79567865765083,0.0,35.15396822682146,0.42685787191601693
2223,75.76211751450523,0.0,46.527388683811935,0.4267043462254815
2224,74.96213266271083,3.0961373936463925,34.764704291092976,0.41978073809674915
2225,87.28934468723857,5.3958752067891815,49.34177905346148,0.4254233222732342
2226,91.05574779139968,3.911140179909079,37.5252376247867,0.4199373162578421
2227,74.86097049720084,0.0,50.24740804738126,0.4112164896255726
2228,72.3115084032519,0.0,34.218256753904384,0.4190998775459174
2229,68.30904252677973,0.0,49.704817061288594,0.42501831983518074
2230,91.03503766728376,0.0,35.49252818901817,0.41813573704114815
2231,74.53752695290457,0.9669563365524696,49.54453990493654,0.42522528355891637
2232,61.50869272724549,0.0,35.694186064547985,0.4194318132572473
2233,95.13087254249922,3.4378371951258604,50.03390319863202,0.42212073644681053
2234,66.8200913582457,1.7289545925837535,36.26509726095362,0.4277560006854227
2235,87.80561203163727,0.0366890634888238,50.863495319694245,0.4368037935794048
2236,81.83428646667525,0.0,36.1683161360272,0.4249395915404227
2237,83.92233117413058,3.4772561732592804,52.098741162909256,0.43668632049149886
2238,74.15624724688678,0.0,36.77226758184753,0.42869999764243505
2239,83.65591460224636,0.0,51.78131059891936,0.43390085626673836
2240,64.42689080841944,3.682299124206076,37.07380334066757,0.4417301974199325
2241,87.5859913541343,5.68537955578718,48.55466649276549,0.4403406207101629
2242,95.5701004153216,0.0,37.85780515164613,0.44118559072821045
2243,88.84027197426326,0.0,51.34011078953012,0.4347915148480176
2244,60.80677840496947,3.3405975294556125,31.685340392124044,0.43094351726627117
2245,71.4460137086009,4.29367910443128,48.74117707925102,0.42023185836219307
2246,78.75984819566534,2.125991384711371,38.15756696650868,0.4118118715380206
2247,84.86937304939933,0.0,51.14542715577149,0.414042106162862
2248,78.93347326339774,0.0,33.80280204234415,0.40657942232088884
2249,75.06785612889502,0.0,50.85198781986621,0.4102795573146857
2250,86.46183548505022,1.696108027090957,38.58428065789682,0.40443782240294435
2251,92.96643080834454,4.416377153649563,50.47389273156652,0.40355853739352043
2252,77.68724863868752,0.0339623685116221,33.77964404260062,0.39588717889459923
2253,87.28929867385239,0.0,48.38812209579204,0.39579860702003117
2254,54.20949254810525,0.0,36.59418486848456,0.38631849675082713
2255,70.6249061389127,0.0,49.24054265221564,0.37828912897474326
2256,76.79133329449836,0.0130755502615107,37.90992232033164,0.3826724354713729
2257,76.4036047538953,4.297556538138504,50.66071820048292,0.38347478433923693
2258,83.32798217404455,0.0,38.93819482083333,0.3920346011019585
2259,90.1375054749826,0.0,51.0947704651053,0.40279772449552576
2260,85.06669026028388,0.0,36.82223432697295,0.3944174917293167
2261,73.77774528244944,0.0,49.09234361875895,0.39089776492913153
2262,65.63189652307236,2.86525809371408,38.1001209504594,0.39732966503310363
2263,85.56964120578887,0.0,49.57209261246678,0.3878199933709031
2264,62.357322126830546,2.463631745102211,34.454578203563194,0.3865659056871006
2265,86.53037283406428,0.0,49.63610133225479,0.37841234599660933
2266,78.11550917869931,0.0,35.85564493852623,0.37972658134453935
2267,69.59536592758315,4.512386023218144,48.07353481244623,0.3838793196863483
2268,82.87257312466792,0.0,37.23518602524047,0.39567200867871527
2269,79.97123897341,0.0,49.35320275087774,0.4013054422448817
2270,79.63402707083753,0.0,36.58681124023557,0.40268486565013695
2271,79.15776703472606,0.0,48.39248218765867,0.3934019718537435
2272,84.45461969288618,0.8645953620825624,35.746421513236584,0.38406002068041845
2273,89.2443402195851,0.0,50.725334340589846,0.37884098901894064
2274,85.01808771094498,0.1731190870215579,35.62318585305329,0.3668946421096131
2275,90.12849015331727,0.023860850313923,49.01583274215435,0.3685130569112785
2276,79.55860281152194,0.0,39.26989885968627,0.37210731686035375
2277,96.18459324231975,0.0,50.03813748536065,0.37029148985220034
2278,85.71109822129823,0.0,37.09338809785074,0.37108170338245733
2279,74.7314285574218,0.5612295141652117,50.68320199508928,0.3689333838938121
2280,69.06104943265595,0.0,36.1388737610213,0.3587620293453242
2281,82.54309610053498,1.617093543980602,50.35528203803426,0.36765467571349064
2282,67.40593932426955,1.5705151783185622,34.53391060374962,0.37403584423474795
2283,70.26624032443252,0.0,51.73615792485066,0.37168216732969084
2284,83.1420494570153,2.5039288442643595,37.86385294778884,0.37455131632953503
2285,74.53287619399731,2.039168856056171,49.84916695031588,0.3676976782162848
2286,70.76376719030188,0.3230986419036526,36.002962119548044,0.3685217400039545
2287,79.65524953911601,0.0,47.704410491338514,0.37754979028079433
2288,80.7267789910379,0.0,37.53739476355689,0.36576094988149066
2289,78.65710659684589,2.384822830110921,49.18128989320381,0.3622014276621433
2290,76.22453080940711,0.0,36.908078668461584,0.3516521743777537
2291,88.80869012512076,0.8742094599875827,47.40283410595968,0.3436137788426366
2292,83.42427351286828,0.0,36.94061023056612,0.33432212430893526
2293,78.19594844935793,1.4340319043496244,49.30096851505565,0.3374723304917997
2294,104.64321933515365,0.0,36.0112901138495,0.33213194049466216
2295,81.93831736928414,0.0,47.43712744797945,0.3231717013145336
2296,92.19779214860645,2.9258027061104954,37.01202475130243,0.3160241785578046
2297,74.39018996868244,0.0,48.64505706883258,0.31736367532075094
2298,66.68951461916468,1.0630803041492531,35.922911424292415,0.3157463438941822
2299,72.08243484356535,0.0,50.770116599124506,0.31220708288756444
2300,79.07119769238517,5.837651754554322,35.86492502509411,0.3199842473733378
2301,75.03391790270483,0.0,52.54320954035806,0.3102053700110616
2302,94.07437478938866,2.368376553869047,34.645223708176275,0.3021451371885109
2303,78.79958877903891,0.0,49.92457371923881,0.30793432890054406
2304,84.74808936102355,0.4446686220404897,36.61341305124148,0.3186854204806109
2305,79.5351884396711,0.0,48.03538592653306,0.3272607247566354
2306,75.66445667266832,0.0,36.124541817448254,0.33252574091612436
2307,80.37996013453515,0.0,49.2715224613769,0.32330166310859115
2308,97.14051469770732,0.0,36.33214994494162,0.3351663333121339
2309,72.66963620448973,1.163740406192978,50.24431706613928,0.3354322883480968
2310,87.87047662176678,0.6685737205708999,38.09080455396326,0.3463332184905127
2311,69.73992748374218,0.0,49.99610584085545,0.340169029729037
2312,76.58913589388364,3.951334388593401,36.81403200315717,0.33262444643230976
2313,80.78212827927047,2.4876540657487443,51.8128190473621,0.3406472845092596
2314,83.2637508972699,0.0,33.61703270073588,0.336981798821717
2315,94.94283288711293,0.3718220245826419,49.172049865705226,0.33413392839001255
2316,80.44518685152562,3.153377553903263,36.05068610133468,0.3254453309730944
2317,71.56384393464073,0.0,47.23050458608165,0.33383121004073163
2318,86.514389428719,0.0465656607043175,36.10844901174533,0.33584840244334574
2319,76.35830191084244,0.0,46.03013622790724,0.3308738043836982
2320,82.38681570931836,0.0,37.05173489299863,0.3329780905563004
2321,79.61939215228053,2.6053884921935118,47.34641694336962,0.32805454416250124
2322,60.763144182077525,0.6590423164858304,34.11665089575718,0.33449604124255655
2323,85.65205934882681,1.89689164295696,50.350361626847445,0.32596273896528644
2324,85.97842053904265,0.4824682360988469,33.49206828465141,0.32261725645225536
2325,89.26604768308606,0.0,52.64451550885409,0.3333400913590981
2326,98.00462762460228,0.0,36.168332454591344,0.3402689699399247
2327,68.04896226536525,0.0,49.41820547515006,0.34922573929904793
2328,85.66666066502971,1.6719540740403769,37.79821758411744,0.3448127859348603
2329,84.48782025173905,1.3162342844316952,49.44428183837598,0.3482258631311583
2330,75.80918007192177,0.0,36.35437509226847,0.3376688491764842
2331,85.5949090724528,5.412822359850035,49.32999482592257,0.34123974313686484
2332,84.99646955111966,0.0,35.24070265158898,0.3345652691024149
2333,67.81316170022804,0.0,50.120626354642646,0.3268566495539932
2334,82.65286813031051,0.635468391820622,36.780970387213074,0.32323699096238906
2335,72.32091386987692,5.002523099743579,47.65413772909479,0.32652644438506045
2336,73.48143500069409,0.0,34.6716688437831,0.31621993848575214
2337,62.2525518481135,0.0,48.57472251826433,0.313596960381726
2338,75.26639074497521,0.0,35.94904598337982,0.3076608872776521
2339,78.16573512587253,0.6714728020243474,50.082336023231726,0.3126776212151559
2340,86.00279008332619,1.6807380345409273,39.22755677329047,0.3217571629957241
2341,80.16436665686399,0.5178913005097308,49.97640532385647,0.3190411324889962
2342,66.24021979388907,5.543671006286192,35.73191278392212,0.31731854465362563
2343,88.62148056884267,0.0,48.49152393509214,0.32667974872250816
2344,79.00515641868715,0.6367421806269098,37.47135215458621,0.3158018440100664
2345,84.88370590429658,0.0,49.54599139017287,0.32112838534779614
2346,89.65936118459702,0.0,36.50606015825049,0.3320454823860431
2347,94.69493497440423,1.5629582823796522,49.56282635009713,0.33198862329445444
2348,100.08350732994727,1.570791454323718,36.819294319845184,0.3218164891838387
2349,79.27761241328332,0.0,50.28189510554636,0.320546950294221
2350,83.11124446093653,0.0,36.55419236363194,0.32142023330979974
2351,69.75948015215381,1.810303534405372,49.56959472644713,0.314454164103994
2352,90.61600170035261,0.0,36.133571494242986,0.31622778937186724
2353,68.1511255542823,0.0,50.13732443549743,0.3077887041955632
2354,61.94748311369579,0.0,33.1071340286391,0.30092278258020677
2355,90.09830595968724,5.981486354277712,49.5127361537802,0.31098798516438786
2356,75.51130098874843,2.4275541274219368,37.4646125156184,0.29939739012722133
2357,87.7760728134224,0.0,48.8433733299968,0.3059722457070898
2358,84.88628653448333,2.6851334700721337,32.858249807892975,0.3077005151176128
2359,63.943362837022875,0.8112978241998849,47.48629251242235,0.2989535451775643
2360,52.872148979840134,0.2298087435542673,36.10622461150964,0.3107687606252218
2361,69.33734442563447,1.0112063218722374,48.48270574467802,0.3052900381204339
2362,80.47258534247626,1.025568242225412,36.19431572260151,0.297907841475388
2363,67.78223665305228,0.0,49.53615184582998,0.29184745581191307
2364,73.70612281654822,0.7791243667845071,35.2896971546746,0.29124052331510186
2365,65.41059269402675,0.0,48.19134836357315,0.295325374518235
2366,81.69877959796925,0.0,36.28665873819487,0.292525014716176
2367,80.90825927036325,0.0,49.66724264016048,0.2946028482996722
2368,75.53677839107904,1.1690154385178904,35.80759406057853,0.3007534467798408
2369,94.15122158835116,0.6018952507124561,50.872466752593866,0.2968943577797556
2370,94.97715027319563,0.0,36.2954299633597,0.3065296991636557
2371,85.89261971136504,0.7998256200017849,48.669797793049234,0.31734444838631043
2372,62.32199801005806,1.0656994157516948,35.45553738091207,0.32491938327071657
2373,69.78347346040634,2.7679164415414603,49.47094867413956,0.3182573440330504
2374,84.07130331083248,0.0,36.17821446578248,0.31796966797032167
2375,75.22379960619827,5.031251362147193,51.56846785314229,0.3122420644349406
2376,75.18932503841896,0.2007978517906344,38.52554416735991,0.3193931541100311
2377,88.9896739458806,0.0,48.860427128920094,0.31162408797681207
2378,85.91286079455003,2.68037525208616,34.46431760821357,0.3065562275754419
2379,93.14154433813948,0.0,48.74952282726708,0.30116127717738483
2380,77.20310488955532,4.983992853400311,36.62361770009922,0.31163744396247167
2381,93.93842851642827,0.6205810398643324,50.813024619292186,0.32015488222497557
2382,75.33963546671774,2.9364931252086284,35.38125602068283,0.3191643984264713
2383,95.0298507102156,0.1164526960932331,48.192580224930936,0.33038492602792546
2384,81.05834643616778,0.0,36.56697006077081,0.32589554781041263
2385,72.02186989758167,2.089891228925854,50.49923448041125,0.32996914161114965
2386,65.03884902036951,4.503480323016161,37.54539386374238,0.32082951528357745
2387,78.08110569522123,3.652762812793868,48.60726928183815,0.31162165602366654
2388,78.0288149149197,1.9704729829136527,36.48672201884767,0.30613283963625704
2389,89.34102386067589,2.548015864837886,47.11629574132351,0.31575953913929616
2390,79.82017736224523,3.086941301091028,35.83488271879332,0.3157787497301815
2391,76.60664062326867,3.103201363510373,50.64161685660375,0.309570926742462
2392,91.78539186469271,3.3833904507245087,38.219009343520895,0.30607617217114025
2393,77.75173438729848,0.0,50.01708952781636,0.29710332034623044
2394,74.23758183773097,0.0,35.63080309203554,0.29530151226816265
2395,86.45469104055077,2.362006225416763,47.4549036959491,0.2927946864684171
2396,75.7612382308337,2.198401397687854,36.3359849564193,0.2973202734796504
2397,86.58802141691513,0.0,50.51148347560535,0.3047566286309019
2398,74.03082888216805,0.0,37.51392694603302,0.30939654648697046
2399,77.77040817029621,0.0,49.92866266299063,0.30082464997922614
2400,81.52176975588266,0.0,34.56022125576072,0.296698846110279
2401,76.30779398691294,0.1635239651866409,50.3941008587955,0.2925692328413657
2402,79.86548530642611,0.0,38.52824760005734,0.3044503529374246
2403,88.1547196924006,0.0,49.17024723597738,0.3114901169729527
2404,84.10601791320047,0.0,34.78975920462857,0.3057297776757665
2405,85.02930802201438,0.7320317388938213,49.06932988127702,0.2964123705694427
2406,74.38523452321866,2.465129698037748,35.97366033983901,0.29452640930418633
2407,88.52829768274368,0.0,48.77862280481065,0.287307377290706
2408,86.69562340509083,0.0,37.052927566749375,0.2920333523241413
2409,90.30803527073917,0.8794778270763755,50.20994036986051,0.3038064140921118
2410,72.73634167813898,0.0,35.4919403386774,0.29503727202059205
2411,78.93725301994621,2.206129955869258,49.5341072327317,0.2831313000903259
2412,86.37220112229959,0.1228736589852742,33.68482953120517,0.2917431394811772
2413,74.98991466003342,3.5935527806824528,50.045726510272445,0.30067910899408007
2414,77.73877530236044,0.0,33.90271834095988,0.3068494985945356
2415,101.50131195099192,7.477515254655508,49.14784776287339,0.3117316132102712
2416,99.51761012267814,0.0,35.301411610426925,0.3074526570557257
2417,93.66087772218089,4.204907413024232,50.26371359798238,0.2991878929780998
2418,90.41277551970815,3.423080524034895,35.32721521619799,0.29789865847446817
2419,71.32630837869782,5.062732912497026,49.49340817568344,0.29038045801947354
2420,85.84196254105201,2.387800755969281,38.23621635672237,0.2911190758752069
2421,76.40883404934115,0.0,47.20969703734859,0.2876334345828545
2422,69.41428102394633,0.0,36.163080746093485,0.28967487990218865
2423,74.9099416140868,0.0,50.86015900334495,0.30131835854291134
2424,82.12815858317695,3.2383594757116394,35.05180301187127,0.2946142494600247
2425,74.73868658116831,0.7074744138498815,49.5952287934032,0.29733338143921595
2426,74.4920057429316,0.0,33.95143501782106,0.30124879868656507
2427,87.92041498422974,0.0,47.15067639245356,0.30940367239923583
2428,81.44106485123231,0.0,37.07659183932908,0.31717137762082664
2429,82.33458079662319,0.0,49.07312969677688,0.3139940622438614
2430,81.11872396896298,0.0,34.02440103596802,0.30620824673909597
2431,74.62044501023293,4.59158814649812,48.85377667270878,0.29691209776578653
2432,66.5515263141954,0.8574849793409746,36.90007990535516,0.3011747133488159
2433,83.10564710420479,0.0,50.39069267282871,0.3121073318077317
2434,75.27002279192229,1.1346303772557689,37.56502956426184,0.32324459184422294
2435,59.89217731414122,0.0,48.80784981941975,0.3197156385311104
2436,77.42534473640208,4.503391053511987,35.05227344340072,0.3165137924161588
2437,69.07782058659376,0.0,50.06016719134077,0.3176171757067581
2438,87.51630522171587,1.7660095954610626,37.49357164852412,0.3175487253408697
2439,85.2162522724034,0.0,49.00200725447915,0.309977048404483
2440,84.9689314483847,0.0,37.430715016469776,0.3197780442702795
2441,73.92945312621602,1.9328976926764196,49.0636403666448,0.30888713762194203
2442,87.71596238032,1.334821872328183,39.049606219585534,0.30046810564605286
2443,83.19649783134074,0.0,46.98433424127524,0.2906749959636195
2444,75.9895479138122,0.2936443273680036,38.2956806213414,0.2816998646559494
2445,75.46662567861483,0.0,47.3176247944701,0.28109178592008344
2446,88.927081528737,0.0,37.82818834651568,0.27172733279478345
2447,75.75489604363118,1.6364553775592017,49.69254606119279,0.2631765105134943
2448,84.63950519557665,5.343134867712863,35.31341394822499,0.25854358796781024
2449,91.0885742798865,2.496681372528869,48.20068973862074,0.25959724280160673
2450,99.32109040380244,0.7588804941045049,34.60124509038167,0.2652370555656011
2451,97.5377268619777,2.9966520586680163,50.58647903194024,0.2718736385601544
2452,89.13672813975353,0.4283349922107699,36.68389212699493,0.2693780968609316
2453,65.75520731298214,2.7144027623200446,49.28117829844108,0.2589688034350001
2454,73.46901375304455,1.1983268240808989,35.95355194240236,0.25334752564001567
2455,74.62814154151785,0.363378054144011,48.2569233008648,0.24434100373516648
2456,96.53149832565322,0.0,35.79457713553857,0.25048972559522786
2457,73.33912246440963,1.107672913768456,50.89260676458504,0.2583630990140871
2458,84.18538795605427,1.079080616901923,34.63204031281249,0.2679824681265052
2459,81.700751605343,2.306936575899629,50.34555136866744,0.27696791357963446
2460,70.64872790562455,0.0,35.30125801129058,0.27207806215611635
2461,84.11370574787651,0.9848855056089324,47.27249119762793,0.2720569459981063
2462,83.98296086197493,0.0,37.585946553843925,0.2732349883711505
2463,68.85605678205812,4.712685331577132,47.50292436023123,0.27861878594312295
2464,92.22877447053409,0.0,35.29618670605235,0.28509033148305823
2465,59.13489971144813,0.0,51.167725250219874,0.283606315875034
2466,74.13560794508848,0.1439315806269948,34.81261211535829,0.27842777366707006
2467,89.71970293865576,0.0,50.977675232738974,0.2729863506915997
2468,68.06742166525962,0.0,35.320675948537925,0.27417493978644797
2469,83.5026591956203,0.0,49.42346132960505,0.2801834446191444
2470,68.52540073872952,4.963348738279374,38.82024952123033,0.2916102641418209
2471,79.43841072687468,1.2288405710563484,51.2675310887586,0.2933793464406476
2472,56.862268868277994,0.0,36.12270645542455,0.2863293061830755
2473,71.57428298286992,0.0,48.58285927565365,0.29404589083130256
2474,66.44111653505894,6.234436688672818,36.03375771020835,0.29729728346791995
2475,75.98236257873499,0.0,52.03825969199999,0.2936307973295198
2476,75.8611909737732,0.0450164399659,39.25150467639668,0.3031231054069902
2477,74.45496631925016,3.972026774471867,48.634097045953474,0.30601626703971924
2478,87.97913196566745,0.0,38.15979589975954,0.3093066060289145
2479,71.13120396128562,0.0,47.1971034153344,0.30046392927783677
2480,86.34386673189051,0.0,36.875737918067024,0.30730551186910887
2481,97.04388453521446,2.503756118752814,50.12539472812378,0.3175042243135717
2482,81.39064150304682,0.0,37.55507368889617,0.32818352657734584
2483,71.42329795424601,0.0,48.31523185847748,0.3162412256628704
2484,67.50661485138457,0.0,36.212454036609785,0.3147090267983219
2485,72.902148998805,0.0,46.77120546640354,0.3110253363916842
2486,87.7613277806116,2.3830019103756253,35.04833047856159,0.30514298031724585
2487,82.11193550961006,1.853427199736966,49.538339722997385,0.29481066471632045
2488,89.3679521625399,0.0,36.28519792990631,0.2913697416567049
2489,87.70330879327211,0.0,53.75180184655442,0.2944943301665305
2490,81.40810651878236,0.0,35.229335815547564,0.3052155430381158
2491,84.73488261666462,0.0,49.59512162169388,0.30038847386733286
2492,98.87825334597956,1.0859708392491827,34.26542461379608,0.2967566826699924
2493,94.25387161042613,0.3243644955977939,46.734250200013726,0.29884401075064804
2494,76.97253983095747,0.0,37.340960666384575,0.3061343223116708
2495,90.16707427719007,0.9009328594372508,50.92202435096101,0.3136749551916067
2496,86.55793310599356,2.3314168260473385,33.93026749630141,0.31479690888121137
2497,91.89475421625578,1.7695781361946017,47.02915875497543,0.31242067719580724
2498,86.7161657203591,0.0,35.039605891433865,0.3107103955895944
2499,70.2583256495701,0.0,52.06438377727426,0.3160502812189056
2500,64.07425648955201,0.9036738109300676,33.76121628219906,0.32731430028467545
2501,85.72627017205086,0.0,50.58654038355136,0.33789945756183676
2502,99.02618198369831,0.0,36.19056825195073,0.33855485605076086
2503,72.24335892060029,0.0,49.11111891577704,0.3442905219085485
2504,79.71760355839115,5.328336462958869,35.08652590308968,0.34371388951760173
2505,70.83974492517973,3.990740623772858,49.931318166218645,0.3398001158387745
2506,91.85063755866051,0.2411417053463324,35.527235706040926,0.34443995150548573
2507,56.94833144956479,0.0,48.96486449895994,0.3538644335005465
2508,57.83023433788289,1.5561244941365917,35.68211867978916,0.35302907926678434
2509,84.5936868780752,2.811625599578929,51.23127882783227,0.3614672207978939
2510,79.49424472732152,1.058937317450124,36.3126904589483,0.36360072391291787
2511,75.20376984926193,0.0,49.66727298378573,0.36054903949911593
2512,77.03672605729106,0.1589130750840175,38.06729649368408,0.35202129848628255
2513,85.51458597732463,0.4823561092034002,49.16162241766237,0.34167923552740737
2514,75.86196010950334,0.0,38.14268465603143,0.35307929599901766
2515,69.16679067981813,0.4534679904975701,48.55012665314745,0.34297121492788035
2516,71.283596278488,1.857418530725567,36.79015167606165,0.3547420074719161
2517,89.38613623497712,1.6758253833622814,49.07919016286966,0.3595948179517689
2518,75.95692287370677,4.014474744429936,35.890683891347656,0.36312866210581846
2519,66.14722416232802,0.0,48.59898624337044,0.36258920272587114
2520,81.24712110667029,0.7511261241019649,35.550348239082574,0.3733707317975247
2521,85.04994721780011,0.0,48.512958783002645,0.37511301221359417
2522,94.0660311260459,2.5880788350455592,36.597706005371606,0.3733374594892229
2523,83.0974530693918,3.061397327250365,48.326692874690615,0.3724978299815039
2524,73.4028875279033,0.0,36.79826487875744,0.3802135255960389
2525,84.7400786727703,0.0,53.084443895272685,0.38921955671118935
2526,87.27174870020437,0.0,33.660866366198256,0.3917314065410961
2527,79.61094693336193,0.0,46.00566303055039,0.3801138852473506
2528,79.55400607274427,0.0,34.511135011574474,0.37015536850702835
2529,83.77680018015276,3.918237102550319,50.67879029578249,0.3809879560439447
2530,79.74660206018459,1.4838901424881192,34.92668830345991,0.38235588167598356
2531,83.44987657919218,3.1624583678697578,50.430066728534165,0.393497398506743
2532,70.6442148470754,2.8778269711489566,37.41726018074807,0.3947986820275734
2533,68.4956223018149,0.0,49.18722792091376,0.40187706174239124
2534,71.68514194281754,0.1541857927507752,37.32058068251993,0.4057104503129391
2535,87.2783624884596,2.8541768505511653,46.15959243700415,0.4103341613048238
2536,83.8372683452039,4.164308905992698,37.24522740248528,0.41132137027657456
2537,91.07903740830395,2.2554925526945206,50.76280015689702,0.4175497556979819
2538,78.1330907788539,0.0,35.84427901333725,0.4175238023138681
2539,68.96431246312622,1.335754738482373,51.06914994097878,0.424817922611645
2540,91.44553535284558,0.0,38.15487263289198,0.4198374040718102
2541,80.44753533625764,2.117352972188556,52.463075969815606,0.40889197089577406
2542,92.83455036266525,0.0,38.9053022493686,0.4005740135816724
2543,86.05969363086436,0.2674290564752127,49.64713339098179,0.39764220001323586
2544,101.88618678822837,0.0,35.78160250651131,0.4068022769380953
2545,78.95138309641789,3.830376511838385,49.446693168003016,0.41588669365952535
2546,89.5613720432945,1.847109974675635,31.981692870567795,0.41219869721560576
2547,88.91364106352944,0.0,50.61108026846431,0.41039134770172453
2548,74.4487365450555,0.0,39.51746184787429,0.4115617079889794
2549,78.27517682893038,0.0,50.41259542030046,0.4155266678193534
2550,66.89219520989847,5.0319287735523375,33.861210038584225,0.41406438431530296
2551,64.51203862997335,0.0,48.0718075508447,0.4189935210699781
2552,83.08978689154361,6.080329587452901,34.58578970289764,0.4195179229632475
2553,88.09333252066759,0.5442060456443646,52.04942306902595,0.4115959232164226
2554,86.38024033495455,0.0,36.74701903489752,0.4198275856453244
2555,84.41819761115318,3.393172095188816,50.52103804789609,0.41755000759468963
2556,88.63017153151091,0.0,36.52372287689524,0.40796870257314893
2557,74.19767559654268,0.3155118451197916,47.896627002505326,0.40149567918360424
2558,79.37451170048664,6.99946395121413,34.577562243220285,0.4006586802695273
2559,88.89494588782378,5.065769178949911,50.58495282420325,0.4017291881440941
2560,85.6145807559981,4.277978205029203,36.12274562684486,0.41137491226257183
2561,78.76274292359788,2.8821035385516587,46.77669746797068,0.4073508272451164
2562,94.29524227393182,3.6243280421755495,37.172468801596416,0.4164167282289537
2563,67.07998748952872,0.0,51.68893963549996,0.4076899627285718
2564,75.53858571155581,2.417908614805792,36.0030161278264,0.4003803936129989
2565,77.5107258554034,1.1490119998863888,49.08989832806444,0.3927900153062878
2566,89.39917424256,4.112751482740977,38.04211684410112,0.39492024702752054
2567,81.52129368559946,4.991472354823679,49.270247453571,0.3961941646107235
2568,67.38508253209385,0.0,35.07269540751994,0.39167440855833513
2569,85.14004179816064,0.0,47.25608974215925,0.3986402142005884
2570,90.91479440554723,0.1311041695942408,35.25663010252213,0.40052743453413003
2571,88.74950866692429,4.521544451980083,52.36434604427888,0.4049148189102605
2572,86.1915492160549,0.0,37.73913537590293,0.39948048709805906
2573,61.25686503258932,0.0,49.74289232563887,0.4014501440193129
2574,71.00113523256516,0.0,35.98461736973155,0.40932928030106785
2575,84.82080608672202,0.0,51.04830407733544,0.40663872367076237
2576,79.7849129061384,1.1126491789409427,36.14688040946516,0.4158683489489438
2577,85.22557601998813,0.0,47.667987988500855,0.40992128711217646
2578,67.33657323037046,0.0,36.20986634468135,0.42078531334385566
2579,80.72545093982245,4.467995275571029,49.8271104793664,0.4245050021000955
2580,66.10218981103793,0.0,36.01278498988267,0.433439431768616
2581,60.46321437380594,0.0,49.95002000341763,0.43101288812518534
2582,84.70966597330388,5.839583627450016,34.95407712644682,0.428972026640689
2583,89.38762033450868,3.20577456646297,49.796453220541856,0.4312424879922325
2584,82.73745752058831,0.9376441385685126,33.58851034712929,0.4200886662074433
2585,79.67003519735334,0.0,48.182897960690575,0.4310606072241001
2586,64.37985658170734,0.0,35.62764565079678,0.4406537788446314
2587,90.1740112297128,0.3764685291244595,50.467651443646055,0.4370416085191708
2588,79.69559562283507,0.4534819886482955,35.5474312245401,0.4335470288333708
2589,99.59562005205768,0.0,50.22414268561781,0.43952527602590125
2590,89.42314308276967,0.0,37.52744449294452,0.43651970996166783
2591,60.38510794429346,1.4545407027164703,53.194195002838974,0.43674340383652
2592,87.55049680255888,0.0,35.553712642205944,0.4406977626856899
2593,67.0274572179789,3.309365312368251,48.59824802594581,0.43978983845201314
2594,72.40504509570935,0.0,36.05131200933293,0.43516936293134967
2595,78.51919797357812,3.4225491372653494,49.861484105054224,0.4351505652307385
2596,79.05937549637396,0.0,36.81261337988265,0.43412991803441775
2597,84.5836784020786,2.026754153013126,50.78267535856165,0.4438419031083521
2598,69.99188199221236,0.734774667515002,35.569839152678924,0.45011348225270653
2599,70.01556042112705,5.07493487897837,50.65424695956292,0.4588009260580469
2600,86.00605201733076,0.0,36.11637757556573,0.4695986770826541
2601,81.7391132892011,6.238719895137892,51.40490255907542,0.47978470000049733
2602,83.04449778172416,4.335890982363022,35.57520935544164,0.488541407128707
2603,58.0631664830534,0.0,49.774228500528565,0.47696220699050945
2604,78.22862616684677,0.0,36.39881256156352,0.46728260891940365
2605,71.41851756388303,1.0860313149932683,51.26263299084103,0.4699888712384825
2606,71.48056506868244,2.2894293295037715,35.987273045569374,0.4703265104880516
2607,89.21934804224577,0.0,48.00893927303793,0.4641327699397454
2608,69.04328771027488,0.0,33.4499956078422,0.4585962602550183
2609,69.0710339367397,0.0,51.11485988097844,0.4647362713615777
2610,78.06629582221316,4.588006187435412,36.95384007079281,0.46988730502595627
2611,84.50288830647344,0.0,52.05676638752831,0.4615849411266362
2612,71.15985270251915,0.0,36.132128000014326,0.4571442347254151
2613,92.34144035780062,0.0,49.69374173127832,0.46893584542818956
2614,95.23481094930418,2.4544523189733005,36.26247804241768,0.4704821373107525
2615,71.54796779356826,1.2081281941763111,48.75978783218496,0.47216657671213197
2616,79.25330094702458,5.680395009310461,34.93773202683339,0.48242145208957754
2617,72.39574353068804,0.6083275242139261,50.22143970420429,0.4904427798744589
2618,63.14617895128772,0.0,37.76469456638024,0.4946370852934136
2619,83.2927220296893,0.8753717504257255,50.469557634126815,0.48757964260892545
2620,88.70862850579663,4.575599411676466,35.27193051888471,0.49809269085765345
2621,100.71178298287758,1.9771345053732208,50.20081795961001,0.5023177683085815
2622,71.02590496368663,0.0,36.25812405165053,0.4912216360374629
2623,93.36235090812622,0.0,48.71881667141527,0.4892836994915115
2624,93.42353691257954,0.0,34.15966491292146,0.484994840065895
2625,81.97853309567154,0.0,48.31793191562914,0.4903867962369511
2626,86.39931202256658,1.2589237560197963,37.78665101498133,0.4961169056187654
2627,89.10190738153423,1.230589661757359,49.94427275356354,0.49717146181524785
2628,99.740999482419,0.0,35.07974338690874,0.5081272029054801
2629,84.7780856261647,0.0,49.67869338296828,0.5080248829010506
2630,80.1483355840857,2.4990481304085304,36.909700983345445,0.5041763829459711
2631,71.33831200992527,0.0,48.75362492430784,0.5098172040161218
2632,83.54323447359052,1.6334230782184591,34.845905795401315,0.5049755634128053
2633,90.2416493277307,0.0,46.899242812016674,0.4992845041622514
2634,82.44610361329472,0.0,37.62625186836053,0.4985453983102037
2635,72.20076751074997,0.0,50.445728788368655,0.5025265711486865
2636,80.89076202496564,0.0,36.99751191009821,0.4916718278173524
2637,78.70846517539886,0.0,50.4067260317246,0.49316626980647926
2638,83.50193782090707,2.848500811166702,32.95204095582111,0.482534967303183
2639,63.3815163278175,0.0,49.72825728720903,0.4939626009028355
2640,86.92252769522074,4.715471847311413,36.668380422438176,0.4862418775480929
2641,86.80674426301938,2.841708984607167,49.66994411004325,0.49588819745578516
2642,85.24821835240213,2.665613235123481,32.46643539535592,0.4912672590202238
2643,80.27186318398343,1.031637851445556,49.37663547343431,0.48256740518250346
2644,61.940637373965785,0.0,35.60749861771015,0.48477920301729843
2645,79.80677208028736,0.0,51.12010805003427,0.4927891499621814
2646,90.6071499934217,0.0,35.837532166154226,0.48602874898393894
2647,71.58217547407298,0.6115474566586625,48.78357201339366,0.4943567842592288
2648,62.268440609553764,7.203784237222012,35.2122762523318,0.4991200572357133
2649,65.02194929515171,1.425096712862146,50.6481153140873,0.5080155940306501
2650,84.49204030860773,4.505944634672299,37.00218688032221,0.5104125509472937
2651,83.72876008852438,0.0,49.24288590689907,0.5035596017147902
2652,88.86293194621467,0.0,35.395103327079354,0.5085020592969903
2653,80.16557839739733,2.3938945156461497,46.11089729699758,0.5030907970493486
2654,64.9967162402143,0.0,32.930954942335454,0.49330964541251254
2655,71.81495859406324,0.0,48.31067004185376,0.49322469663769725
2656,88.27597590427236,0.2919405942629138,35.777610486527635,0.48527671276323736
2657,81.40495907439475,0.0,48.377401742699696,0.4895380027330837
2658,86.72819944212961,0.7663436510994103,33.72222453419607,0.4833318056186859
2659,84.3478880546104,0.0,49.50859909342034,0.4848407340060835
2660,77.95039448269704,0.0,35.96072202124298,0.47780273735847373
2661,78.29944156479282,0.1316997995771858,51.5276953316263,0.48783674175305775
2662,99.2135527172345,2.1417667322530605,35.455352340118566,0.4975640494433805
2663,84.14674266609221,0.0,49.21184985927116,0.5030863021948992
2664,80.79538062085936,6.937520413409912,34.91780191683251,0.4978359432379474
2665,84.5541999093681,0.0,53.46962861466733,0.4926539712129882
2666,82.22905819624273,0.0,36.96052228825579,0.4871252079371257
2667,58.95389768401274,1.7582047298578425,48.32131565148974,0.4828905791879262
2668,86.55632622609424,0.1849369412370022,33.03844350681192,0.4719072975766896
2669,98.20939274089676,0.0,47.63060631862628,0.473844949788134
2670,72.83685037979674,2.1321635456579537,34.614581369839215,0.475667979839424
2671,94.54035748839166,0.0,47.52112835406297,0.4660406892790012
2672,78.11217717783475,2.269580503846374,35.81538102078718,0.4673964191659579
2673,84.03850068182805,3.679289017766125,48.038513371785925,0.4602192845769712
2674,91.28952664637632,1.95308825548193,33.585917834364324,0.46204075435424374
2675,72.9737888572095,0.5793439003919794,50.52022067065084,0.46304163491649136
2676,92.42493912818472,0.0,33.68184531819435,0.45725862311643567
2677,67.85782718640661,0.0,45.73389012807665,0.45151678301720244
2678,71.92727765174314,2.262750469607715,37.3989723352451,0.4544635377547089
2679,74.75800524157282,2.3106947168269016,52.249457373929246,0.45210615358897577
2680,86.62005366451902,0.0,36.05393886489746,0.4615233967549574
2681,76.77161194802088,0.6011868457186035,50.59355897705739,0.4727831198182445
2682,66.64441305258944,6.147192161493726,37.00050453357887,0.48433506666196324
2683,77.83467128150171,0.0,53.09669840911351,0.47578135549661055
2684,72.54550855258462,1.292407926428202,34.507970885887744,0.48426296446172357
2685,87.65548456087969,1.141827841586686,48.88268644852762,0.47530967854246337
2686,77.17476595881324,2.023721677880867,35.33483171088868,0.4643546104510943
2687,82.28139831694484,5.245525193127779,49.64510495177064,0.45301095504255356
2688,77.07211888207516,3.756144844939541,35.682483507502816,0.46198793675966277
2689,84.3393896823029,0.0,49.440462333453965,0.4517511278624853
2690,78.36553548947263,0.6714770805939029,36.207465691462495,0.4535497587129844
2691,83.25198714687065,0.0,52.53085166878406,0.45549628169718015
2692,54.0661143525829,0.0,36.40447622327967,0.46028526674817777
2693,80.97250876977786,0.0,50.80796851364672,0.4585078392501956
2694,84.13913670110233,0.0,36.99528790004095,0.4531366323715075
2695,78.29328602949813,0.9536219288135536,50.09851219522923,0.4523954107708246
2696,88.67670436377705,6.609265499505455,35.593864828129334,0.45378352473711353
2697,87.81580346075874,1.432443902768442,50.77097486537862,0.4489531431954203
2698,94.63288226832553,5.302477832768354,33.36746843824531,0.4421014147593692
2699,81.04811608072282,0.0,51.87368095966627,0.45377963268257604
2700,60.86199295330019,0.0,36.994726109252255,0.4567253630415102
2701,57.14500551210355,0.0,49.71453225757609,0.45167987192593223
2702,63.98159047925482,0.0,35.97451400433685,0.4551993890768553
2703,80.50690494209232,2.9532518464455797,49.89370514803454,0.4571937220022751
2704,78.42694711719435,0.0,37.21386280897948,0.4489389957370558
2705,82.76239852019974,0.0,50.25826949268309,0.44476270298759757
2706,73.74754077442826,0.0,38.04148082327048,0.4329060391127414
2707,72.63508828494251,0.0,52.136316632505405,0.43936189194020514
2708,85.55047942410434,0.0,37.63438310752092,0.4379659095835697
2709,86.91906784457896,1.1994124361798233,47.32653350679504,0.4277878618478032
2710,77.43349864519519,0.0,35.21163141219906,0.42519288655176624
2711,79.63100081709246,0.052557998273296,51.02970065092563,0.414815703389304
2712,84.20604061766404,0.5429906145804432,39.18891560502366,0.4133842172465585
2713,85.04343575162994,0.0,48.6834748083207,0.4218659155744669
2714,68.5601930040126,0.0,36.8935071162806,0.4222439270476544
2715,72.8042614408205,0.0,51.40573859625636,0.41238412655988654
2716,67.79055129489859,0.3200391711748688,36.152387807435936,0.4121919030617392
2717,74.93093385163169,0.0,47.73674616421508,0.40384307583355455
2718,88.12333589341831,0.0,38.926325772121736,0.4005835241766501
2719,85.75574607038467,0.9767580031567336,48.26154389880502,0.4066970044011966
2720,69.01902039637442,0.0,34.88331192982351,0.41490632103317504
2721,85.12266726825982,0.0,49.96640471027271,0.4043231122247635
2722,80.85843105342452,0.0,36.07619504193883,0.40223936073945993
2723,75.0607329291408,0.0,48.18782995428493,0.39254198565841975
2724,65.93540344896368,0.0,38.507860142775385,0.3924823089732573
2725,78.75288045660375,1.670380575938052,50.34484707433447,0.3963797647700815
2726,88.35837565685681,5.196451985657479,37.35158520699552,0.39958791026675244
2727,58.369023516038745,0.0,49.4990392797808,0.3928323650019714
2728,76.0387680224855,0.0,35.98323334969638,0.3987745287471163
2729,102.61448029904228,0.2388110366422069,51.54811289212675,0.4012327682546368
2730,86.81309148048008,0.2890809826637869,35.21317948292561,0.3933919580358674
2731,82.59832495003477,0.0,49.02948904037609,0.3953509426474259
2732,72.71392510717708,0.2859226762873994,36.6927837026608,0.4073317227397512
2733,73.21735389702152,0.0021742525374233,50.92036756078127,0.4101044772794443
2734,79.62148406014896,1.5145600571620013,37.3543271069408,0.408190592144719
2735,96.02863629377136,0.0,48.15041236028085,0.4009801454259923
2736,84.6558919089493,0.0,34.368383906819666,0.397235189300322
2737,71.27841602229178,0.0,48.29135579857467,0.40278795253347754
2738,92.02101371146694,0.8438136254276429,37.31927765369844,0.3940398243505121
2739,78.5826026724599,5.028482480136001,50.88773561994216,0.4000195471761217
2740,97.69960263845414,2.4204594277155103,36.4743751150151,0.406495274907501
2741,74.33396975362297,0.0,50.00916876700628,0.40831777301111727
2742,70.19887513073377,0.771775665908873,33.51633921185066,0.3982959875517302
2743,81.91160717240155,0.5510379808861445,50.04238809981728,0.40214031564243713
2744,89.82326983800299,0.0,33.63342074077524,0.4054449988908225
2745,92.30246931401818,6.426737822363612,50.802361632819824,0.40610691962329076
2746,82.11648359302986,1.748553087805798,35.52055267911316,0.41355571688691023
2747,71.00532016432535,2.9542901467049054,49.927290317061264,0.40528639361340846
2748,74.94659278102115,0.0,35.67331271706376,0.41059539545011325
2749,59.817181316457834,0.0,49.44354507607648,0.41575833096023523
2750,70.8687846243118,0.0,34.322664123699475,0.42021688914184474
2751,78.30403254727212,0.295335654149121,49.3106487149216,0.4291809131120175
2752,83.89002140653479,0.0,35.89882138182176,0.432244116190252
2753,76.6054567853522,0.0,49.87382698429444,0.4360531756304135
2754,80.10326993832065,2.2435349603268206,36.81039987914016,0.4437072091747438
2755,76.03814555250183,0.0,50.28435157339105,0.43604072734524046
2756,88.78412437438763,4.246237774966425,36.39787983847661,0.42773112375479705
2757,71.00887061573461,0.0,48.585378538988,0.4352394910773602
2758,88.37547914146326,0.0,34.04417397104228,0.4367416222614653
2759,99.6088081251391,0.0,48.06022114050529,0.4333767891157856
2760,84.7278965602193,0.0,34.767161895424046,0.4243725550268676
2761,74.99006604275638,0.8699404833226727,50.83336525478478,0.4149284846971397
2762,74.63729855913215,0.0,37.60672907925358,0.42224973571492513
2763,93.77251925257669,5.580490102452387,48.36907830287282,0.41228743137301005
2764,69.42634338025066,2.307458796568806,34.253413656154784,0.4063361683783442
2765,71.66211825488452,4.000541525367222,47.130021923577225,0.3970162714522293
2766,68.35551546129535,0.0,35.05787731963587,0.3880574565419607
2767,67.58102142846377,1.2205327789021232,50.18741122851817,0.39130538756843236
2768,70.40193357362807,2.833655891422123,34.36196578761092,0.39798677763520485
2769,89.2333158189682,4.447554670377559,51.34304999025992,0.40017354169422314
2770,91.02282564588025,0.0,36.543446210568206,0.40829648075537883
2771,73.02926927639817,0.0,51.16300149664464,0.40979924991861566
2772,82.0733404604569,0.0,34.79863568479764,0.4144538336698214
2773,87.91443809216285,1.0762378036017353,50.63201883491156,0.40252120179381984
2774,81.00564203097163,0.0,34.329434914247855,0.40883069820243245
2775,71.55373540050353,3.67720992225305,50.60155991258769,0.40107223574515233
2776,65.29598264861919,0.0,38.15454288321611,0.3969803343943152
2777,90.10427553125508,0.0,51.70310051226373,0.3968608703080658
2778,85.10018227317744,0.4612938343121101,35.196470455483826,0.3872509481270812
2779,85.76955893398653,0.0,48.2404139869772,0.3944739662545604
2780,68.97842549122662,0.1829816674563611,35.74478909957776,0.40242609369415483
2781,82.34977192889052,0.0,51.92045051395557,0.39326489262709274
2782,87.5456203451001,4.185414901772965,33.94999606320305,0.39295615606928985
2783,83.74028957677571,1.9998371343475208,47.29393559511994,0.40157237767142745
2784,72.5497678319231,0.0,32.925147816903056,0.3968425829318242
2785,90.12260510065336,0.0,49.70523403884985,0.4071119220581438
2786,64.72368051821226,0.0,33.44456649507812,0.3982773207035376
2787,89.28741924806941,0.0,51.35019524839333,0.38838791786015897
2788,90.81055944087073,0.0,38.454623975873936,0.37978384898182094
2789,96.42656993388476,2.344222528441722,49.35858073386001,0.37203519521941125
2790,76.57507809749558,0.0,39.58304726886243,0.3657892083136048
2791,70.0056998343848,0.0,49.91409631545274,0.35651997510393807
2792,87.9388036230838,0.0,35.23607412084116,0.36503635933421485
2793,73.00784720913026,0.0,48.78185625752976,0.3761035694082996
2794,80.43995511443988,0.0,38.14285729716007,0.3687730979667122
2795,76.82537782839928,0.0,50.753058686808224,0.36209279706930636
2796,70.97928028586915,0.0,32.948021726245514,0.3633194385851802
2797,83.20999466184891,0.0,46.74351873821524,0.36279249069490566
2798,66.41633991263149,1.1216635940394897,33.78922287494536,0.36678817772078404
2799,86.1587834289801,0.7890887084657118,48.67493380564987,0.3569831717421847
2800,70.33068911543265,0.0,34.045107373347854,0.35637547419396776
2801,62.987642330246416,1.0165193164189148,48.41697808193021,0.34824997644176586
2802,79.49892541209707,0.0,34.75924940559311,0.3586511600527624
2803,85.54531635115461,4.096592743474604,47.88308354451439,0.3661619871370042
2804,85.76934597053224,0.0,39.17270637109942,0.3610765369250328
2805,88.18353730827161,0.0,51.6926810160368,0.35423631503112013
2806,56.46425893109208,0.0022097599873909,38.66338115464231,0.35763770238816683
2807,69.94855569043328,0.0,52.081447249890005,0.3477338545442759
2808,82.22318074070273,3.855525985574742,35.88715576815425,0.3370570523741598
2809,95.75283338779316,1.876001961439005,49.7298191130431,0.3306298858667261
2810,88.4612000991253,2.079183874593441,34.60196961432039,0.33584904529346593
2811,99.48881644122311,1.5847197424732813,49.78641013344885,0.33356943600130656
2812,75.39810075043918,2.1583165985972466,34.49303938756419,0.3286930616722262
2813,82.74416995282009,0.0,47.16025470406832,0.3290213088642998
2814,69.45084854657877,1.5018554075727764,34.842886885107106,0.3337499880351895
2815,75.95647780376001,0.0,50.872063759554784,0.33469677170335643
2816,72.64704281717026,0.0,36.13891538027078,0.3442217129877912
2817,73.99951165407778,1.131327490816639,50.46812399604603,0.34979327015401923
2818,76.06550878814336,0.0,36.01907178669218,0.3602272300535948
2819,80.25520429615749,0.7600963241689445,48.18577369378208,0.3485698744290382
2820,80.22212664516483,0.0,36.77264444160165,0.3582178860546304
2821,85.43453439582726,0.0,49.70609364815697,0.35365065231347975
2822,81.3998846738686,0.0,37.9672954676152,0.36042820164036543
2823,76.61378867969964,0.1808165606529704,51.59631175487026,0.37188126162520646
2824,74.77421458468054,0.0,35.54895120471602,0.3606931304010881
2825,77.67461832029416,2.486451739603305,49.74579108507586,0.37235719858603544
2826,75.50962858553035,0.0,34.650431948690105,0.37458033601404367
2827,84.9097105518198,0.0,48.27418249249427,0.3836428519284676
2828,89.04189875086564,1.2888228138433866,35.12858747897889,0.3871690088268976
2829,93.78738775361003,3.4898079137973195,50.301973595634806,0.3907615697955291
2830,72.43610929334376,1.3771229758264178,35.21312355063698,0.38231676193378683
2831,85.4601943585242,2.5549070171223454,51.88193057692219,0.38687091327105594
2832,66.05320358407324,0.0,36.70363916960781,0.3921909828735925
2833,84.03101552780895,0.997561150943904,49.161025274217366,0.3825133490738662
2834,91.34891077215401,1.7406265041445463,37.51710987999939,0.3725919791496174
2835,78.50410498333005,0.0,48.46146165458403,0.3711128311225359
2836,90.72636047258874,0.0,35.02689885761591,0.3666784994185395
2837,68.71410241536967,0.3326037284147893,51.58473431839048,0.37503627241729065
2838,72.34709684620812,4.111832257081601,34.0335099345085,0.3788119651926585
2839,78.64190157356313,0.0,49.33938154846049,0.37106358149270563
2840,92.14557175022905,6.411560681235998,35.42402080033744,0.3638066893356755
2841,75.82570543658012,0.0,48.463452147957454,0.3590643140198778
2842,75.79560558127052,1.103788634527573,37.47215068423679,0.36071912638105014
2843,70.0837164162198,0.0,50.85767538020221,0.3607753728263892
2844,82.02881044442621,0.0,37.0092495551748,0.36026311092595753
2845,93.28582965457409,2.7295941520991063,49.59837150097107,0.34901335484960877
2846,87.55312125801298,1.8210672235868537,36.95591899299946,0.35001602851167773
2847,86.96650654336264,0.0,46.56054642549599,0.33849197356373556
2848,77.93025525076337,0.0,35.386343248091734,0.33713896166500007
2849,74.36690640736086,0.0,49.62004228131213,0.330118091006386
2850,87.57058245239185,2.6604109607604665,35.10911868008927,0.3254357936086386
2851,80.31201905832087,2.1037660488742373,49.84250771343447,0.32909554620505477
2852,78.26391764280618,0.0,39.56709038502677,0.32660498413286765
2853,89.8583648372849,2.919862044162494,49.73285789431104,0.3287825354928817
2854,78.0221254832727,0.0,36.61044070991652,0.3344752832521256
2855,71.71527365596485,0.3101208327230096,49.86795237471431,0.3397125710773303
2856,89.50311625216851,1.3707709961961834,34.196362534344296,0.34067546823535255
2857,81.58212342732038,2.583081743272379,47.33176857115685,0.34951743293897275
2858,69.62970656151307,0.0,33.563156316879216,0.3588708331996898
2859,68.87094105128384,0.0,49.98545594599022,0.36295921317758245
2860,80.95411875826866,0.0,32.93438409091998,0.35280941394277177
2861,103.86922895249856,1.6504411257193603,50.52814210894904,0.34349483467391473
2862,78.09827201054654,6.75492682002875,35.69022497601404,0.34615679691860224
2863,76.63726140914422,0.0,50.2417328342033,0.33974198810393696
2864,95.23771197617053,0.0,34.00333164591346,0.35061631771377916
2865,80.07783313302136,2.1688171030883687,51.89283573448549,0.34417930590616835
2866,66.56137019308709,3.4867960852232445,35.90482326784087,0.34426664482050684
2867,64.74362941462661,1.5719798003611791,46.72379719148434,0.3341246368013023
2868,92.54993823900251,0.9443283370923836,37.84370874493934,0.3366759896815072
2869,86.66354542250188,0.0,47.65391578170224,0.3429404151386171
2870,88.26125708431192,0.0,34.16051882070636,0.34771870719894366
2871,79.42243441621287,0.0,47.76733414113792,0.34521198964419697
2872,74.29938319700943,5.221678189458021,35.52792953579502,0.34152824976770413
2873,77.82836884275834,0.0,50.44469681590389,0.33595179677282233
2874,81.36031217374376,0.0,36.83064054822726,0.33100769892768306
2875,71.61688844301298,0.0,53.34590176577,0.3376600988209817
2876,85.61449909551126,0.0,34.99833560135582,0.34414311842538753
2877,69.2287591803137,6.08240289436975,48.8788328716084,0.35102878404983956
2878,76.67241235424777,0.0,33.947970332629765,0.36158512535812526
2879,77.95992127523498,0.0,47.91858416635359,0.3635338916676525
2880,73.38732571631445,0.9917461602271148,37.67442716276609,0.35531779451910367
2881,57.944946449801776,0.0,48.80918899813292,0.34957931572815115
2882,84.85087259864174,1.2405865250973864,36.6710331614019,0.34815921260470334
2883,73.72165886126665,4.263888218897736,49.61188116058166,0.33629595718430605
2884,93.25707959324372,0.0,34.418076094000014,0.3328807414578965
2885,76.58017722315948,0.0,48.3275462783612,0.331257032783924
2886,74.5864041156878,0.0,33.18067041366607,0.32078846059292654
2887,81.1707354663794,0.8517199953020951,49.25938953862416,0.3279410619645007
2888,91.24039198528416,2.3533149965989306,36.11214628014964,0.33225200749393446
2889,74.3659233688183,0.0,49.10784372269715,0.3376891900932625
2890,90.18456747300462,0.1239684156895273,37.483492846761486,0.32761472057946556
2891,94.40303641017623,0.0,47.57701192240154,0.3289490390646504
2892,90.19333562869002,0.9670250737685804,36.06317612080193,0.3294850398587382
2893,96.26431490992258,0.0,48.05812026349075,0.3308288662290961
2894,92.92646021012469,0.0,36.56450912520072,0.33320090159688676
2895,95.79744432460942,2.16207128559788,48.218767590531534,0.32729694268053505
2896,96.04326319415641,0.0,37.21228417752434,0.3329791265917973
2897,82.71950073667638,2.1293514679224765,50.51988687403375,0.3320295622658706
2898,75.70776100427801,0.0,36.49249621577195,0.3248184420402725
2899,58.13258273904096,2.5167303049300638,49.95120029972684,0.32842660768551385
2900,66.77266880478204,0.0,36.42204412606228,0.32448023254181807
2901,75.51717200841205,0.0,50.06376419644971,0.32090555971029955
2902,77.68649450016161,5.012817908557571,36.79113836600962,0.3149438669919804
2903,78.53306753582595,0.2033738994894041,49.03169656633988,0.31557656426149977
2904,71.46010192846045,4.892356103159802,34.31220645002218,0.3152663042139682
2905,65.28725993625541,4.150120168895165,49.49815548848527,0.3135223274433759
2906,78.95420531408615,0.8547899291780225,36.762940733158175,0.31119410130794045
2907,78.10582071188209,0.0,50.33124243370344,0.30353031891476623
2908,72.51961937076139,1.9838659542001655,38.58851122571934,0.3033242464452358
2909,72.57847838349616,0.0,48.81488897674918,0.29956798092553727
2910,70.59843408127594,0.0,33.877252862835974,0.3016388054431008
2911,76.03476260983682,0.0,48.74660211398464,0.28979240488943886
2912,71.43697173004749,0.0,35.35953713583106,0.28116506090370397
2913,92.59875331517016,0.0,48.35640947596153,0.2812543528187121
2914,82.40996732045122,0.0,34.43461928627842,0.2810558359418678
2915,70.27682081973482,0.0,49.35928777029228,0.27627632416032766
2916,77.19552218532546,0.0,35.88976111109066,0.2746047487817749
2917,68.19714393648809,0.0,48.0064378279864,0.2753771490978659
2918,90.58840570234395,1.555742501986892,34.276774381793125,0.2732000589645096
2919,93.8418672458082,0.0,50.11878981170396,0.2731983784493544
2920,92.52001982753032,0.0,36.70080872143434,0.2661042629568983
2921,68.55307368757403,0.0,48.33585265344205,0.27298180769774993
2922,79.10027636440664,0.0431552055613438,35.73542056468172,0.2655109033407541
2923,76.32432192207119,1.1334289240011757,50.308779386129785,0.26528961629476644
2924,85.87819986173082,0.8602293419633379,36.18957084838576,0.2694493720263436
2925,69.92090196716102,0.0,51.90771692780208,0.27521627886177047
2926,74.06695503795991,2.752906593233617,33.98013215856547,0.27228115539477465
2927,76.8245829067637,3.189177300939268,47.22869133362131,0.27642480196371383
2928,82.3035908222875,2.569020436544224,37.07767192265715,0.27658631271436923
2929,87.66248387578311,2.403989314680854,50.08902249880852,0.2766173334584946
2930,76.8303902581752,0.3922239518042789,35.171362331457395,0.2695213412620907
2931,87.2088835196919,1.8974425480988848,51.19473324020384,0.25969051311792596
2932,89.49658691464279,4.252744488904731,35.02596056073171,0.2502367638226533
2933,78.01058089855523,0.4757775575781389,50.33166271939404,0.24272587768301532
2934,67.54341867134403,0.0,35.72426501089382,0.24212578035443916
2935,68.2880966456586,0.0,48.40129805292224,0.23522456226506921
2936,85.91726975151568,0.0,35.35759335479531,0.22821055779577348
2937,76.8115947137486,5.246130256317661,51.3211327243976,0.22462656662790262
2938,63.169993226975265,0.987621512666061,35.41405839062894,0.2305033173988834
2939,87.67594598939101,5.154741025203345,51.82623120359378,0.2391272773365891
2940,82.04303489942569,2.4916323132116736,36.226571321281625,0.2333175609064061
2941,66.571537210153,2.1040267385976037,49.1834530220148,0.22165083116958756
2942,93.33821889730548,5.146730284263378,34.48703860779973,0.22068677060771594
2943,88.41489464523431,0.1617825788561064,50.578596989704536,0.2153236486291677
2944,81.38745251290179,0.0,36.30264371005008,0.21430252512611425
2945,67.25680632265583,0.0,49.44643252246409,0.21353490238790865
2946,65.97669467114717,0.0,36.14329002124951,0.2216610862799206
2947,76.92931513158564,0.0,49.38169418281864,0.2107275829332024
2948,62.86084610449711,0.0,34.19850747279644,0.22268469732839843
2949,84.05080273184485,0.0,50.54558278154791,0.21284780151442131
2950,65.89176686619663,0.0,38.77915204703015,0.2202699563724072
2951,81.64912729254699,0.0,52.11088494704821,0.2256571470947581
2952,77.11868547273274,0.0,36.1517357090838,0.21866854794644636
2953,87.11785268097044,0.0,49.18356569220367,0.21405277044667334
2954,70.62052404738512,0.0,36.120397681640384,0.22491753561568836
2955,82.73729449524724,0.0,48.63175436339338,0.22622647842841784
2956,67.40536487833724,4.512556022278915,36.414974332824364,0.22655108461404785
2957,89.14951655546255,3.9800701258949545,50.125577504822736,0.2287554209137377
2958,78.98395751554833,0.4452505944109188,34.1890646507968,0.24025457638932304
2959,84.9585066896543,0.0,49.07056743948886,0.23618422651472598
2960,66.79474653171968,0.0,37.304730843450926,0.23811463204528696
2961,84.99084275671767,0.0,50.91454820806182,0.2405980202798677
2962,83.06203396303708,0.0,34.10596997993248,0.23318459867898497
2963,84.43666619186263,2.6656242157633407,51.20762742787048,0.2444522618735177
2964,83.58347086162762,1.5237707716258715,35.56488218299401,0.24183489912985653
2965,78.16388375538982,0.3284086109776563,49.52378709443293,0.23931027934586027
2966,92.41299220315992,0.0,35.74895231510799,0.24915264022803718
2967,78.44102014234296,0.0,46.39328700291159,0.2552059385937693
2968,72.60830799609171,0.0,36.62503848510664,0.2519544769073284
2969,79.99814510219734,1.9513567862890984,47.15087497619097,0.2459811798282497
2970,70.4948205455547,0.0,37.238542754378216,0.23411191960685365
2971,76.17719144743748,2.723852269153033,47.61069830652434,0.22890249830942996
2972,78.22753383810601,0.0,37.58368883098857,0.22036863326342185
2973,76.2044587935414,0.0,49.91046225043463,0.21416919517124255
2974,81.99397072805486,0.0,36.90601230592049,0.22516978002137086
2975,100.59587048109672,3.794188560111533,48.48833588206074,0.21815918615174407
2976,85.809728896394,0.3341016597759749,33.27995895830048,0.20643147665038122
2977,90.72300647288091,0.0,48.09235752934911,0.2
2978,74.96290562631764,0.0,36.47467867677037,0.2029103495989785
2979,74.12983711494851,0.0,50.24900819040348,0.212240631559703
2980,76.2182195310701,0.0,34.70253947871333,0.2097632445480409
2981,88.52889097268877,0.0,51.55192700703904,0.21794789383940621
2982,58.51881521769102,0.0,35.96487131112831,0.2209542001721696
2983,71.49287597671784,6.081745765438351,47.10328541690173,0.2118246322919578
2984,82.92205647827745,6.328993366450886,36.39733007516101,0.21346335629028082
2985,77.75907632937071,0.0,48.40471371488125,0.215546336510536
2986,100.74383726222686,3.5551348026546616,37.22666069479349,0.21052121986727745
2987,84.47683215742656,0.0,49.90127534291151,0.2121481663829889
2988,73.3780855646952,0.0,36.219163130802514,0.2223643700522866
2989,64.72611317478017,1.6739462005788242,49.13056423150576,0.21523867155212362
2990,77.24845294452629,2.180177646349699,37.67827763259017,0.22531928485350008
2991,66.96779917321585,0.0,48.20048063352474,0.23718850323189034
2992,85.82775923549895,3.867509104381989,36.4978570166045,0.23136839268596687
2993,82.92305872519724,4.373318342601512,49.62676731406549,0.22395266415979798
2994,84.07981592836357,2.9316553581208717,34.44327175697195,0.21201002977218802
2995,100.79176664795037,0.0,49.45084280327556,0.21337640510952277
2996,72.46415395004585,5.129379214162752,34.57412969675168,0.20831304412906237
2997,79.26838324939567,3.974751091182462,52.62449308881951,0.21964791729470026
2998,67.87484255511092,0.0,37.51730376585259,0.22090819074767368
2999,79.41071034878105,0.7223183676076861,47.11316284423201,0.2213536381692801
